"country.name","year","agriculture.ghg.emissions.gtco2e","energy.ghg.emissions.gtco2e","industry.ghg.emissions.gtco2e","total.ghg.emissions.gtco2e","transport.ghg.emissions.gtco2e","waste.ghg.emissions.gtco2e","ghg.emissions.indexed","ghg.emissions.per.capita.tonnes"
"Austria",1990,8136.76057,14099.97018,13662.33863,78670.34372,13975.23508,3925.01966,100,10.4
"Austria",1991,8044.49191,14873.19813,13695.97586,82349.31356,15455.47077,3994.30791,104.9,10.8
"Austria",1992,7729.37542,11632.79336,12053.42048,75750.43343,15425.39274,3946.40605,96.6,9.8
"Austria",1993,7715.14301,11678.30825,12004.00422,75932.29679,15557.0608,3920.98224,96.8,9.7
"Austria",1994,7701.68817,11964.25738,12738.74184,76206.72004,15605.34237,3823.16042,97.5,9.8
"Austria",1995,7827.93172,13155.46146,13604.92033,79584.03448,15885.61705,3651.16076,101.9,10.2
"Austria",1996,7718.42349,14127.88822,13057.11525,82874.66509,17439.47295,3462.68541,106.1,10.6
"Austria",1997,7672.0181,14141.82548,14219.02163,82405.07979,16452.04154,3314.84102,105.6,10.5
"Austria",1998,7639.82948,13174.4513,13864.92374,81702.15545,18560.41836,3194.87944,104.7,10.4
"Austria",1999,7534.35604,12712.52886,13647.39732,80105.17886,18022.0009,3075.28196,102.6,10.2
"Austria",2000,7438.14937,12397.02196,14610.40772,80414.98044,18817.90658,2963.10734,103.2,10.3
"Austria",2001,7380.12145,13749.5189,14487.86697,84324.3409,20308.80407,2865.49022,108.3,10.7
"Austria",2002,7268.93624,13449.23513,15129.49031,86110.7423,22221.1789,2863.10386,110.3,10.9
"Austria",2003,7121.57019,16164.37443,15271.15918,91788.39315,24073.84143,2866.58492,117.2,11.5
"Austria",2004,7105.67697,15993.60656,14810.66789,91382.83734,24589.60719,2929.95656,117.3,11.4
"Austria",2005,7037.55853,16397.4235,15599.74163,92566.55645,24943.77686,2790.99459,118.9,11.5
"Austria",2006,7026.8835,15230.05332,16257.45909,90117.31121,23673.89567,2671.20955,115.5,11.1
"Austria",2007,7082.13778,14017.95119,16911.94716,87472.73532,23891.70251,2543.32696,112.2,10.8
"Austria",2008,7205.75725,13829.42347,17249.0314,86816.18104,22414.30533,2431.10413,112,10.7
"Austria",2009,7239.86839,12852.37959,13921.65625,80328.50224,21753.31645,2284.73016,103.1,9.8
"Austria",2010,7102.94137,14028.09433,15929.63847,84753.25704,22567.80103,2157.95242,109.3,10.4
"Austria",2011,7164.58252,13777.09126,15970.26312,82460.29967,21912.49965,2042.63288,106.4,10.1
"Austria",2012,7110.19335,12400.04288,15570.65912,79811.32492,21730.4743,1942.30013,103.1,9.7
"Austria",2013,7106.40532,11319.97636,15902.23444,80352.53173,22910.72252,1823.76026,103.3,9.7
"Austria",2014,7246.06061,9640.72472,16017.35951,76679.76316,22206.06435,1720.75699,98.6,9.2
"Austria",2015,7248.5387,10791.89421,16601.60167,78897.2529,22675.85453,1637.64144,101.8,9.4
"Austria",2016,7365.1796,10563.12866,16394.62122,79596.11177,23519.18029,1557.28057,103.1,9.4
"Belgium",1990,12217.30781,30060.81688,26291.75354,146586.60683,20892.74305,4335.06873,100,15
"Belgium",1991,12095.4309,30709.3695,25316.30092,149323.54168,21090.07043,4486.08214,101.4,15.2
"Belgium",1992,12080.19194,29502.98042,26410.01648,148920.39768,21863.8705,4607.29657,101.2,15.1
"Belgium",1993,12205.18528,28977.17337,25555.11174,147890.3969,22368.2615,4437.48539,100.5,14.9
"Belgium",1994,12073.76862,30082.55292,28535.66203,152522.82453,22861.62511,4521.93408,103.6,15.3
"Belgium",1995,12288.50212,29589.5828,30170.72418,154665.23071,22942.83751,4501.44033,105.3,15.6
"Belgium",1996,12196.55092,28879.32393,29677.48588,158303.40453,23355.40882,4410.46203,108,15.9
"Belgium",1997,12193.99787,27836.31543,26944.37951,149781.66917,23543.25657,4464.71827,102.5,15.1
"Belgium",1998,11989.06153,30575.46203,28098.63113,154956.89751,24186.09762,4320.74669,106.3,15.6
"Belgium",1999,12198.52477,26781.38538,27229.08931,148644.59381,24489.89341,4062.81977,102.4,15
"Belgium",2000,11323.42801,28671.82093,28417.18022,149729.92179,24883.70694,3949.47394,103.2,15.1
"Belgium",2001,11094.6742,26623.89085,27028.28802,148131.89022,25438.37171,3516.98855,101.8,14.8
"Belgium",2002,10967.22008,28071.06893,26827.99726,147567.2842,25740.67314,3531.61632,101,14.6
"Belgium",2003,10593.15107,29223.92839,26684.31695,147932.26938,26327.02457,3196.73488,101.4,14.6
"Belgium",2004,10503.50234,29700.21334,27703.99145,149230.63403,27395.53143,3234.67098,102.3,14.7
"Belgium",2005,10283.58741,29426.08515,26440.47095,145283.84158,26588.2223,3055.13425,99.5,14.2
"Belgium",2006,10082.84492,28307.79307,25721.89191,142660.4244,27177.2757,3036.45416,97.9,13.9
"Belgium",2007,10267.48643,27616.35206,23979.7191,138960.91968,28014.29049,2989.52694,95.6,13.5
"Belgium",2008,10137.53191,25513.54638,24348.11279,138827.7823,28095.91454,2780.14024,95.8,13.4
"Belgium",2009,10256.5505,25963.86743,18603.72449,126262.68669,27287.60696,2602.33039,86.9,12.1
"Belgium",2010,10200.62998,26548.18136,21466.07552,132921.98618,26434.44317,2499.72685,91.4,12.6
"Belgium",2011,10093.98156,23129.4405,20627.76898,122198.35626,26049.38042,2289.44359,84.5,11.5
"Belgium",2012,9883.36655,23008.35331,19054.57278,119372.66489,25238.44825,2206.20654,82.4,11.1
"Belgium",2013,9923.13972,21451.66463,19796.82905,119304.38396,24750.99751,1832.19102,82.5,11.1
"Belgium",2014,10120.53999,20548.54267,19786.46987,113505.9673,24982.01009,1654.42074,78.8,10.5
"Belgium",2015,10049.52531,21238.08211,19753.43274,117122.08479,26697.34819,1596.59431,81.5,10.8
"Belgium",2016,9893.91631,20006.79484,20369.48429,115783.17734,26398.93723,1484.19032,81.5,10.8
"Bulgaria",1990,12461.57245,36539.60008,10047.56144,101849.10725,6604.43764,7977.03263,100,12
"Bulgaria",1991,10801.298,29773.09194,7856.09331,83417.04942,3633.10668,7667.83582,79.1,9.6
"Bulgaria",1992,9397.81306,28705.8523,6613.26734,77785.62716,3970.82209,7645.88358,75,9.2
"Bulgaria",1993,8048.87479,28958.43516,6904.33223,76758.85832,4491.87078,7437.04219,74.3,9.2
"Bulgaria",1994,7011.97655,26691.2529,8420.17063,73099.24546,4107.80362,6555.22034,70.7,8.8
"Bulgaria",1995,5933.27515,27209.64517,10454.38276,74605.77225,4384.26427,6999.14674,72.1,9
"Bulgaria",1996,5642.2456,27037.94845,10314.90251,74771.25783,4292.95451,7025.84365,72,9
"Bulgaria",1997,5685.18206,28974.42153,9536.04878,71788.05917,4350.86756,6983.05162,68.6,8.6
"Bulgaria",1998,5139.25287,28021.99836,7141.99197,67934.00732,5506.49005,6725.77897,64.6,8.2
"Bulgaria",1999,5479.39013,24188.53482,6265.29503,60690.15183,5742.98753,6495.01015,58,7.4
"Bulgaria",2000,5205.32894,24029.36079,7210.77844,59566.56317,5509.77606,6380.67155,57.1,7.3
"Bulgaria",2001,5004.37748,27892.24401,7165.93554,62677.56901,5671.24632,6034.91346,60.2,7.9
"Bulgaria",2002,5148.55164,25215.57177,6443.01124,59718.28288,5904.26976,5755.94543,57.4,7.7
"Bulgaria",2003,5044.13402,27112.391,7109.2287,64192.90965,6496.3183,5900.44292,61.8,8.3
"Bulgaria",2004,5493.05921,26885.0931,7214.51569,63341.69781,7034.28146,5787.09953,60.9,8.3
"Bulgaria",2005,5170.0367,27099.9383,7683.60539,63906.77807,7844.49036,5380.22179,61.6,8.4
"Bulgaria",2006,5053.59627,27394.73904,7477.03026,64485.14929,8341.10421,5211.7041,62.1,8.6
"Bulgaria",2007,4904.91437,30731.26908,7982.50777,68359.18148,8174.19886,5080.70535,65.8,9.1
"Bulgaria",2008,5149.05762,32249.60687,7157.71899,66953.71877,8570.8523,4912.80721,64.6,9
"Bulgaria",2009,4978.84799,29440.1902,4163.10582,57970.0426,8244.44878,4756.56866,55.8,7.8
"Bulgaria",2010,5454.63805,31334.56515,4445.31541,60549.7724,8007.69564,4604.56165,58.3,8.3
"Bulgaria",2011,5105.53379,36106.8588,5020.53712,65851.89799,8191.51648,4573.47312,63.4,9
"Bulgaria",2012,5236.18144,31325.30281,4783.98562,60779.22883,8505.43099,4423.04297,58.5,8.4
"Bulgaria",2013,5717.59179,26991.65127,4759.34371,55512.83186,7432.56725,4471.083,53.5,7.7
"Bulgaria",2014,6187.4786,28721.1951,5120.16924,58527.59282,8413.7002,4316.3853,56.4,8.2
"Bulgaria",2015,6236.24972,29793.43878,5769.55685,61708.70201,9203.93919,4221.86498,59.5,8.7
"Bulgaria",2016,6585.68144,26387.51905,6062.71108,59085.21844,9321.16781,4081.81864,57,8.4
"Switzerland",1990,6765.54713,2519.46442,3576.48739,53251.59521,14639.14013,1071.19739,100,8.4
"Switzerland",1991,6706.01981,2801.874,3203.68627,55116.56508,15131.09839,980.64418,103.2,8.6
"Switzerland",1992,6593.12604,2894.75925,3041.03635,54879.35842,15452.8483,981.6472,103,8.5
"Switzerland",1993,6571.07653,2563.31196,2729.39492,52324.57407,14384.69912,931.17793,98.6,8.1
"Switzerland",1994,6544.58367,2605.05623,2922.28689,51324.73146,14569.8966,872.92707,97,7.9
"Switzerland",1995,6522.98519,2642.51358,2911.08876,52188.89749,14256.56498,873.85756,98.8,8
"Switzerland",1996,6400.17781,2860.61244,2783.54428,52800.0427,14319.16838,863.59636,100.3,8
"Switzerland",1997,6227.99791,2860.9536,2697.95679,51609.55471,14874.72442,850.78414,98.4,7.9
"Switzerland",1998,6199.0445,3223.5828,2813.05506,53252.88918,15084.41423,835.55433,101.6,8.1
"Switzerland",1999,6067.80038,3248.80345,2880.4125,52975.63663,15692.80677,825.10364,101.7,8.1
"Switzerland",2000,6184.75962,3171.88311,3143.33325,52352.21036,15926.58043,829.64797,100.7,7.9
"Switzerland",2001,6190.16412,3313.49139,3248.04507,53893.45712,15626.30299,844.41482,103,8.1
"Switzerland",2002,6113.06589,3390.096,3287.29017,52265.51877,15550.5673,856.70184,99.6,7.7
"Switzerland",2003,5986.35523,3387.10331,3376.33822,53400.85268,15716.25382,834.94652,100.9,7.8
"Switzerland",2004,5962.45977,3682.38384,3644.61246,54029.30768,15795.69011,853.07493,101.6,7.8
"Switzerland",2005,6093.72113,3815.89149,3771.2946,54714.17807,15855.47263,844.52691,102.8,7.8
"Switzerland",2006,6049.02865,4031.73591,3827.74896,54334.77673,15970.62816,843.96449,102.5,7.8
"Switzerland",2007,6142.76503,3718.84932,3904.7734,52441.78857,16294.25544,827.18413,99.6,7.5
"Switzerland",2008,6212.54351,3837.04948,3933.44776,53913.72882,16644.05669,809.91683,102.8,7.6
"Switzerland",2009,6130.76672,3673.67531,3795.94596,52562.46601,16437.79063,788.17446,100.1,7.3
"Switzerland",2010,6159.10288,3846.4556,3967.96955,54117.09269,16326.36601,774.80959,103.3,7.5
"Switzerland",2011,6120.19409,3598.14138,3995.34528,50028.64973,16144.39619,759.71819,96.7,6.9
"Switzerland",2012,6182.20942,3640.64556,3990.15477,51455.5185,16258.88025,738.21499,99.2,7
"Switzerland",2013,6057.23251,3735.82111,3974.68605,52229.40498,16167.37124,732.18647,100.8,7.1
"Switzerland",2014,6178.10822,3607.2828,4046.11966,48364.09576,16058.54053,723.16779,93.9,6.5
"Switzerland",2015,6097.09171,3292.43797,3919.21056,47815.88163,15321.21452,715.99369,93.3,6.4
"Switzerland",2016,6092.84486,3379.89673,3913.86574,48182.77614,15151.18609,702.96933,94.4,6.4
"Cyprus",1990,471.22511,1767.39248,841.14279,5668.85259,1242.48681,386.72563,100,10.9
"Cyprus",1991,475.2273,1830.30414,814.00473,6183.1471,1244.1758,390.79604,110.1,11.7
"Cyprus",1992,509.7139,2127.9561,875.49649,6616.17394,1394.32505,399.10292,116.4,12
"Cyprus",1993,540.53024,2250.56334,940.16541,6898.56458,1410.6039,407.81738,119,12
"Cyprus",1994,529.96554,2379.45579,980.11544,7151.98403,1468.36862,418.97149,123.2,12.2
"Cyprus",1995,580.13938,2173.90094,956.67869,7095.55375,1559.78393,426.59669,123.2,12
"Cyprus",1996,562.15342,2289.16613,1020.17219,7442.11876,1612.37653,430.8932,128.1,12.2
"Cyprus",1997,548.52468,2419.33231,991.14415,7531.72628,1681.75266,438.67325,129.3,12.2
"Cyprus",1998,562.78721,2652.47976,951.1113,7860.1136,1764.80771,444.92856,135.1,12.6
"Cyprus",1999,545.70075,2836.63337,970.26091,8128.09813,1805.98354,452.01839,139.6,12.8
"Cyprus",2000,552.35101,2964.65686,997.86936,8386.50436,1837.30842,459.99301,144.2,13.1
"Cyprus",2001,601.48898,2847.10545,985.42871,8326.27513,1899.94655,468.54109,145.6,13.1
"Cyprus",2002,620.88776,3008.82744,1025.86235,8551.86852,1883.7946,474.80488,148.6,13.2
"Cyprus",2003,602.74739,3235.73995,1036.64871,8940.28601,1997.9528,476.43652,155.8,13.7
"Cyprus",2004,583.45305,3294.7693,1121.16254,9141.64331,2071.9464,478.91833,158.1,13.7
"Cyprus",2005,532.97835,3483.62391,1178.66495,9333.4443,2111.18101,485.79921,159.3,13.6
"Cyprus",2006,548.14239,3665.46117,1191.08593,9542.63953,2099.04081,484.38432,163.2,13.7
"Cyprus",2007,539.92496,3814.46911,1214.8043,9881.22026,2236.44446,485.48837,168.2,13.8
"Cyprus",2008,515.82671,3980.43976,1212.77978,10028.45108,2281.232,492.72225,171.5,13.8
"Cyprus",2009,509.15146,4005.64927,1043.38186,9775.35091,2276.7703,496.53133,167.1,13.1
"Cyprus",2010,531.62353,3880.75822,933.62494,9458.76979,2325.31846,498.15465,162.4,12.4
"Cyprus",2011,520.90559,3722.36939,877.65431,9101.56211,2250.91169,500.98864,158,11.7
"Cyprus",2012,497.58423,3557.56024,836.82887,8561.12816,2080.09615,510.7091,149.2,10.9
"Cyprus",2013,462.81612,2839.14888,1064.41355,7843.02643,1870.05361,521.42505,137.2,10
"Cyprus",2014,448.15333,2950.11164,1279.72892,8216.72983,1820.83665,531.34697,143.4,10.6
"Cyprus",2015,457.27225,3032.96155,1221.34958,8303.20741,1890.56818,543.81348,143.9,10.7
"Cyprus",2016,481.53902,3311.05181,1225.40178,8741.33326,2021.70879,554.2663,152.9,11.3
"Czechia",1990,15839.58888,56855.1378,17113.01114,197392.70412,11484.13688,3124.51401,100,19.4
"Czechia",1991,13732.21792,55476.20858,13847.99064,179181.86271,10305.51393,3266.79428,90.6,17.6
"Czechia",1992,11838.1731,54649.67225,14609.66889,172686.94169,10720.28327,3275.75782,87.3,16.9
"Czechia",1993,10523.14207,54321.35741,13451.41087,165018.18181,10253.15701,3356.72563,83.3,16.1
"Czechia",1994,9539.82792,54842.3411,14690.24217,157517.66968,11164.83575,3503.45388,79.4,15.4
"Czechia",1995,9616.62915,61762.4632,14202.28156,156717.54307,10472.53314,3510.87771,79.7,15.4
"Czechia",1996,9337.47997,66517.79814,14903.0374,159770.0651,10661.04532,3549.20661,80.8,15.7
"Czechia",1997,8921.83048,62808.68276,15822.54845,155160.04948,10536.44925,3665.9814,78.7,15.3
"Czechia",1998,8554.82368,60678.32672,15949.39717,148998.23562,11694.12766,3792.0336,75.5,14.7
"Czechia",1999,8599.39662,58225.0877,13431.38073,139448.47756,12003.12306,3806.08844,70.6,13.7
"Czechia",2000,8393.28479,62061.94676,14916.43084,149333.51987,12129.34218,3853.45896,75.3,14.7
"Czechia",2001,8494.3579,64244.82936,14153.57691,149096.97291,12901.13803,3993.3179,75.2,14.7
"Czechia",2002,8306.07398,62799.20928,13939.64429,145505.51845,13478.12329,4126.97972,73.3,14.4
"Czechia",2003,7850.92065,62449.02177,14989.07363,148758.85352,15269.44109,4285.11446,75,14.7
"Czechia",2004,8064.86754,62567.97623,15925.08585,149624.67149,16031.6407,4234.83474,75.5,14.8
"Czechia",2005,7801.18439,63165.65334,14790.37802,147494.14425,17368.52887,4294.57521,74.5,14.6
"Czechia",2006,7679.46989,62614.74087,15828.72646,148598.758,17711.0003,4371.05274,75.2,14.7
"Czechia",2007,7835.15963,66264.46066,16604.1862,150336.76477,18626.33783,4314.32111,76.1,14.8
"Czechia",2008,7972.4442,61533.35423,16565.03445,145614.293,18458.34257,4511.55011,73.7,14.2
"Czechia",2009,7572.37818,57461.96918,14054.5406,137214.51935,17831.08666,4621.05236,69.5,13.3
"Czechia",2010,7386.4685,62122.32913,15022.88394,139733.69055,16803.37072,4861.48163,70.7,13.5
"Czechia",2011,7567.3821,61884.38448,15253.97265,137753.14378,16619.70133,4917.13302,69.7,13.3
"Czechia",2012,7585.9709,58755.48569,15029.47544,133697.71474,16347.29519,5077.39308,67.6,12.9
"Czechia",2013,7744.21817,55168.34658,14896.84623,128691.09866,16217.28967,5373.05045,65,12.4
"Czechia",2014,7940.86094,53789.6851,15752.16388,126758.4621,16723.66462,5403.39315,64.1,12.2
"Czechia",2015,8092.54718,53690.07352,15402.40801,127777.82607,17489.10467,5511.72792,64.6,12.3
"Czechia",2016,8482.35831,54456.01818,15573.79424,129756.68434,18161.4495,5567.01258,65.6,12.4
"Germany",1990,79195.49587,427353.07297,96837.70644,1250992.60891,164267.42684,38351.7305,100,15.9
"Germany",1991,71442.57898,413164.01733,93113.65114,1203924.49236,167229.7569,39736.43587,96.3,15.2
"Germany",1992,69233.63242,390616.68164,93335.26329,1153796.49947,173202.28439,40309.9593,92.4,14.5
"Germany",1993,68366.49652,379765.2609,94519.62303,1144856.75362,177643.89731,40129.89803,91.7,14.3
"Germany",1994,66727.42228,376975.00752,100302.44399,1125835.1946,173746.59851,39332.97566,90.3,14
"Germany",1995,68058.34509,367537.269,98546.93736,1123034.58595,177692.51588,38350.00314,90.1,13.9
"Germany",1996,68455.97484,374561.05186,96666.38442,1141084.76607,177615.12579,36910.37142,91.5,14.1
"Germany",1997,67428.79357,353660.29089,96957.03755,1106000.52205,178040.45486,33954.70217,88.8,13.7
"Germany",1998,67756.3016,356296.11086,83140.4317,1080728.82285,181450.29721,31849.33212,86.8,13.4
"Germany",1999,68236.2653,344689.93695,75105.22643,1047033.51202,186572.60777,30212.23304,84.3,13
"Germany",2000,68186.56589,358027.85325,78018.07674,1045187.43444,182551.81155,28637.13771,84.2,12.9
"Germany",2001,67868.00914,371288.75447,74622.515,1060271.2856,178749.02993,26972.20674,85.4,13.1
"Germany",2002,65617.7847,372570.40323,73285.54121,1038919.73118,176469.57717,25576.82439,83.7,12.8
"Germany",2003,64653.48431,386886.63767,77220.16184,1035574.18189,169959.18822,24060.15544,83.4,12.8
"Germany",2004,64530.4093,384348.02349,79174.39498,1019123.50034,169449.69498,22621.1508,82.2,12.6
"Germany",2005,64067.98285,379440.22204,75920.71494,993343.67739,161173.38794,21157.53548,80.4,12.3
"Germany",2006,63318.11442,381246.80521,76118.04424,1000637.86114,157141.89666,19498.78912,81.1,12.4
"Germany",2007,62880.62338,388483.94998,77444.71776,973941.70369,153932.71603,18176.70701,79,12.1
"Germany",2008,65061.81635,368316.99231,73619.11828,975645.90174,153795.87041,16941.94517,79.2,12.2
"Germany",2009,64272.52255,344083.0023,66113.00063,908054.02329,153116.20014,15719.81756,73.8,11.4
"Germany",2010,63621.14363,356236.86061,63092.29624,942541.88658,153996.15802,14591.33886,76.5,11.8
"Germany",2011,65267.90859,353906.6417,63018.58905,920305.85172,156147.96004,13827.63405,74.7,11.8
"Germany",2012,64901.13072,363639.48677,62103.79903,924611.3961,154656.6541,13039.17708,75.2,11.8
"Germany",2013,66127.243,366889.8013,61957.36233,942250.05208,159037.59081,12332.5793,76.6,12
"Germany",2014,67490.09186,348116.83209,62056.10063,903196.4138,159934.69476,11674.02747,73.4,11.4
"Germany",2015,67996.09922,335930.56315,60938.28027,907190.48223,162637.80357,11164.92146,73.7,11.4
"Germany",2016,66536.07379,332882.59553,62903.33932,911049.0056,165973.99202,10697.34165,74.1,11.4
"Denmark",1990,12668.14012,26251.37226,2343.78818,69161.45876,10751.88667,1761.87877,100,14
"Denmark",1991,12506.41524,35154.27162,2471.88767,79827.00042,11264.02326,1769.4301,114.7,16.1
"Denmark",1992,12340.33382,30227.30333,2526.37326,73871.97888,11464.91396,1749.97926,106.4,14.9
"Denmark",1993,12290.48268,31849.77219,2604.32086,76238.10027,11515.15976,1748.93592,109.6,15.2
"Denmark",1994,12127.54816,35936.00244,2722.94483,80177.5293,11942.09942,1681.9428,115.2,16
"Denmark",1995,12129.17519,32558.51426,2900.53163,77197.2657,12075.08599,1597.62837,111.1,15.3
"Denmark",1996,11702.82146,44984.46119,3047.0477,90281.02476,12336.09792,1548.82193,129.4,17.7
"Denmark",1997,11716.28993,35816.34454,3132.45368,80821.40787,12534.85873,1473.58517,116.2,15.9
"Denmark",1998,11706.95917,32187.50895,3263.67338,76815.78949,12543.3717,1425.28203,110.8,15.1
"Denmark",1999,11358.91227,29095.652,3537.77208,74381.67997,12575.19135,1487.86428,107.4,14.6
"Denmark",2000,11256.2977,26051.24821,3698.73737,69965.52737,12468.96087,1486.79206,101.3,13.7
"Denmark",2001,11249.41172,27362.58606,3536.94449,71534.44266,12521.55782,1521.05586,103.6,13.9
"Denmark",2002,11326.91459,27574.12933,3474.56728,71145.30683,12688.35376,1550.69477,102.6,13.8
"Denmark",2003,11069.484,32310.95552,3472.32414,76122.25905,13150.13738,1561.28668,109.6,14.7
"Denmark",2004,11007.34046,26403.88982,3295.08503,69993.57362,13376.91168,1256.52765,101.5,13.5
"Denmark",2005,10813.46774,23169.40487,2764.27087,65571.19878,13586.05936,1246.45793,95.5,12.7
"Denmark",2006,10554.0227,31069.76834,2821.51687,73334.04139,13911.79945,1304.67154,106.2,14.1
"Denmark",2007,10783.47084,26379.58614,2855.93287,68749.9137,14455.37363,1293.24906,99.9,13.2
"Denmark",2008,10729.68208,24286.74611,2549.22861,65153.85608,14291.43743,1270.21255,94.8,12.5
"Denmark",2009,10486.78527,24222.10025,2123.91028,62429.59852,13531.72004,1227.769,90.4,11.8
"Denmark",2010,10404.58452,24103.80391,1911.06125,62568.44901,13404.93197,1158.8494,91.2,11.9
"Denmark",2011,10394.67947,20084.65644,2051.6921,57408.69409,13099.79643,1153.352,84,10.9
"Denmark",2012,10370.51378,16899.50372,2084.58337,52852.83348,12523.52266,1110.16171,77.5,10
"Denmark",2013,10350.46095,19092.97952,2042.11964,54581.17406,12329.57028,1089.42866,79.9,10.3
"Denmark",2014,10523.69507,15554.36926,2000.87524,50435.07473,12444.98662,1084.58392,74.4,9.5
"Denmark",2015,10396.75856,12880.94238,1828.51148,47835.26614,12721.62236,1069.7628,70.9,9
"Denmark",2016,10574.1607,14053.54364,2025.20934,49868.94534,13011.88961,1108.76572,73.9,9.3
"Estonia",1990,2700.90717,29281.48075,963.28615,40431.5077,2477.19072,369.92777,100,25.8
"Estonia",1991,2580.72971,26718.69544,965.74723,37283.6557,2255.9419,382.78189,92.2,23.9
"Estonia",1992,2174.17864,20227.3449,573.67862,27292.13017,1167.09833,394.20564,67.4,17.8
"Estonia",1993,1689.64188,15934.09219,352.71308,21350.74076,1290.91912,411.90942,52.7,14.3
"Estonia",1994,1537.24387,16206.74088,598.91506,22058.74265,1617.82127,410.40142,54.5,15.1
"Estonia",1995,1371.1927,14655.02282,634.22697,20258.54579,1584.36116,397.9706,50,14.1
"Estonia",1996,1268.76247,15184.24629,650.04027,20960.17161,1652.44582,435.63548,51.7,14.8
"Estonia",1997,1278.90177,14761.33578,700.98708,20584.72383,1758.67859,491.4712,50.9,14.7
"Estonia",1998,1300.24693,13160.53764,754.13718,18995.55667,1812.89243,508.51253,46.9,13.7
"Estonia",1999,1128.38687,12579.7167,689.47464,17651.99592,1695.21218,515.43797,43.6,12.7
"Estonia",2000,1127.42994,12144.16617,694.88283,17359.61628,1682.10937,562.45086,42.9,12.4
"Estonia",2001,1140.48073,11955.98393,730.08294,17760.35089,2009.36258,570.02924,43.8,12.8
"Estonia",2002,1081.41375,11675.99556,552.29239,17221.19169,2141.84336,557.94281,42.5,12.5
"Estonia",2003,1132.36426,13515.42259,600.15566,19110.04576,2034.75106,546.46341,47.2,13.9
"Estonia",2004,1170.73313,13416.99165,740.45637,19374.73573,2080.27352,540.17917,47.9,14.2
"Estonia",2005,1172.225,13208.69109,725.5017,19203.23896,2153.85458,515.18747,47.6,14.2
"Estonia",2006,1168.77179,12386.88692,763.69116,18498.04893,2314.60116,499.7669,45.8,13.8
"Estonia",2007,1223.76229,15223.36769,956.72864,22224.6853,2437.90965,494.42814,55.1,16.6
"Estonia",2008,1278.58335,13222.32192,964.14321,20046.14309,2315.71235,478.62144,49.6,15
"Estonia",2009,1219.06613,11147.42695,475.44785,16757.92543,2135.64247,500.59294,41.4,12.6
"Estonia",2010,1242.03615,15432.25654,537.00648,21213.67439,2262.04878,494.30894,52.5,16
"Estonia",2011,1252.10634,15190.54246,660.43662,21258.93305,2271.45874,456.56477,52.5,16
"Estonia",2012,1327.55478,13723.23834,904.67075,20170.85002,2295.34567,441.4102,49.9,15.3
"Estonia",2013,1353.89721,15468.65256,996.37149,21941.90703,2242.83758,407.71712,54.2,16.6
"Estonia",2014,1388.0521,14929.56825,708.06579,21147.37954,2267.11519,363.79522,52.3,16.1
"Estonia",2015,1384.85756,12243.05763,512.56365,18126.6994,2326.71567,356.68909,44.7,13.8
"Estonia",2016,1337.75095,13800.90569,500.60531,19664.974,2363.26951,340.40479,48.6,15
"Spain",1990,36302.76114,78911.52076,29707.09646,288492.48401,58655.37022,9310.72138,100,7.5
"Spain",1991,34981.4095,79327.00797,28127.3489,296204.03869,62052.24419,9505.2553,102.7,7.7
"Spain",1992,34894.4072,87131.69192,26907.22305,305976.11387,66089.57966,9822.30936,106.3,7.9
"Spain",1993,33647.36647,81270.13814,25753.57073,295737.62059,65640.81424,10151.59265,102.8,7.6
"Spain",1994,35548.06371,81245.86475,30019.1226,312540.17617,69222.85501,10578.55298,108.5,8
"Spain",1995,35797.56353,87040.11203,31831.0575,328614.07385,70031.06101,10857.56664,114.2,8.4
"Spain",1996,38810.75751,73945.18078,32891.97535,320379.30792,74752.24958,11160.58658,111.4,8.2
"Spain",1997,38561.43571,86562.84678,35246.7132,334703.80177,74422.65947,11671.79477,116.5,8.5
"Spain",1998,39570.59365,85929.59855,36992.45258,344565.81446,81148.96374,12000.62295,120.2,8.7
"Spain",1999,41068.50941,101271.87841,39916.29682,372043.26848,84935.42199,12323.82838,129.6,9.4
"Spain",2000,43259.23784,105759.67209,41860.8782,387527.92676,86576.98104,12526.85879,135.1,9.7
"Spain",2001,42687.75645,100190.86911,38736.1044,385240.58554,90028.97903,12848.05568,134.3,9.6
"Spain",2002,42042.55332,114207.39477,38033.57599,403569.2621,91756.42607,13127.56466,140.4,9.9
"Spain",2003,43530.3358,107003.24543,40625.60258,410975.14772,96210.31778,12959.46994,143.2,9.9
"Spain",2004,42967.47253,116896.20306,41440.87935,426792.94536,99786.0595,12594.84072,148.8,10.1
"Spain",2005,40532.19471,126739.1467,44082.31701,441038.20982,102300.47633,12870.2089,154.1,10.3
"Spain",2006,39699.57118,121514.09253,47105.47274,434005.88814,105522.97285,13135.93976,151.9,10
"Spain",2007,40701.56024,127402.90742,48804.80534,445157.52355,107808.10252,13422.08656,156,10.1
"Spain",2008,37300.11782,109804.59519,45947.21422,411404.40808,101873.80422,13653.42842,144.5,9.2
"Spain",2009,37718.44124,92366.52157,39169.70119,372107.48979,94616.78377,14962.15434,130.8,8.2
"Spain",2010,37735.18126,75252.69251,40300.18608,357676.77992,91288.91353,14075.61203,125.9,7.9
"Spain",2011,36963.61839,88045.6322,37392.66558,357344.00324,86134.01773,14614.17527,126.2,7.9
"Spain",2012,35753.54302,93230.7408,35743.12215,350671.71142,80054.09011,14406.85087,123.8,7.7
"Spain",2013,35848.19126,73072.4302,34600.18447,323441.19566,79822.78993,14003.41922,114.6,7.2
"Spain",2014,37535.93537,76321.14434,36420.84137,326120.99958,80124.14282,13087.32355,115.6,7.3
"Spain",2015,38257.92153,86404.55591,31002.09141,337598.74478,83235.23611,13900.39184,119.7,7.5
"Spain",2016,38353.07127,71052.71411,30531.25171,326383.40738,86103.00621,13651.28598,116.4,7.3
"EU28",1990,543254.94526,1675653.11437,517187.91781,5649529.34194,793200.42054,240421.20985,100,12
"EU28",1991,512137.79997,1641506.1322,482533.7226,5555045.94533,800395.18477,244025.84844,98.3,11.8
"EU28",1992,489592.317,1582738.57037,464043.83206,5379830.54313,823907.98004,246077.51136,95.3,11.4
"EU28",1993,477217.26945,1515716.18262,455416.16389,5281540.38978,828344.82191,247040.62096,93.6,11.1
"EU28",1994,471191.36635,1522473.67166,483301.78769,5255297.26627,834888.51533,246587.2861,93.2,11.1
"EU28",1995,472567.22742,1524080.2162,498415.70447,5308543.99664,847269.76878,247432.18981,94.2,11.2
"EU28",1996,474068.03932,1553377.17258,499606.87134,5418671.89171,873615.61087,246648.37113,96.2,11.4
"EU28",1997,471054.08775,1508660.27891,505127.53633,5326316.82368,884851.74221,243614.22796,94.5,11.2
"EU28",1998,468158.983,1525467.35489,482376.2313,5281519.48166,914063.62813,240153.1132,93.8,11
"EU28",1999,466580.16812,1480254.43491,442865.01197,5172643.92203,932100.54882,234733.62279,92,10.8
"EU28",2000,461255.34357,1511185.10836,455568.47532,5168911.90268,926942.34908,231454.75353,92.3,10.8
"EU28",2001,455039.58789,1553478.03572,440415.77857,5223118.40954,939986.33971,227376.77018,93.3,10.9
"EU28",2002,448043.67138,1570508.13696,436607.81724,5182922.83702,951333.26058,223463.82349,92.4,10.8
"EU28",2003,443969.29027,1620728.65331,450374.96423,5265582.68509,960254.83535,217386.18496,94,10.9
"EU28",2004,444724.56962,1609232.94168,466890.02902,5265368.64841,979644.39865,208856.29297,94.1,10.9
"EU28",2005,438004.46959,1599158.64554,465833.38009,5228428.61909,978838.45974,202009.361,93.6,10.8
"EU28",2006,434277.96076,1610161.13086,464704.42713,5214524.88593,985974.61946,195841.97433,93.4,10.7
"EU28",2007,436696.04478,1619706.40122,475982.84579,5162425.2477,995393.15028,189111.29817,92.7,10.6
"EU28",2008,433936.78516,1548054.5968,450780.30408,5046999.42858,970708.02803,181139.32553,90.6,10.3
"EU28",2009,427849.60594,1424238.49819,376766.38435,4681900.46016,943225.69846,175139.44963,84,9.6
"EU28",2010,423381.31203,1450938.98108,394307.59231,4783627.78509,937607.43821,167817.55034,85.8,9.7
"EU28",2011,423874.60448,1425220.51169,389848.30393,4626382.21403,925532.84294,162055.95793,83.1,9.4
"EU28",2012,421653.84244,1417949.50876,377313.41166,4563064.70686,895985.35905,157923.98093,82,9.3
"EU28",2013,425222.88682,1342336.22734,375333.45011,4468920.46246,888747.14528,151173.03232,80.4,9.1
"EU28",2014,432870.25427,1258245.20577,381329.64779,4297635.76768,896142.03201,145492.793,77.4,8.7
"EU28",2015,433822.11096,1245166.47779,376732.56646,4327313.20316,913263.60308,143160.24198,78,8.8
"EU28",2016,434836.62497,1197913.85999,373724.63112,4303391.86933,932470.15298,140108.65192,77.6,8.7
"Finland",1990,7510.31921,18969.25177,5393.00259,71133.00948,12097.37363,4671.95182,100,14.5
"Finland",1991,6978.0106,18787.98998,4989.29303,68905.03071,11729.9207,4726.3983,96.8,14
"Finland",1992,6451.0462,18607.58081,4699.82055,67468.04857,11645.06428,4738.63409,94.7,13.6
"Finland",1993,6735.01151,21353.52321,4729.66163,69727.63303,11191.37743,4731.52838,97.7,13.9
"Finland",1994,6868.10014,26343.18655,5004.94017,75345.91283,11546.55443,4667.5796,105.5,15
"Finland",1995,6795.01002,24031.16306,5059.09576,71788.15851,11343.45101,4596.31495,100.7,14.3
"Finland",1996,6796.67028,29781.90236,5304.20308,77674.76413,11342.8045,4491.00942,108.9,15.4
"Finland",1997,6787.85522,27400.25854,5606.54072,76255.50413,11901.23411,4367.39592,107,15.1
"Finland",1998,6578.68676,24148.96139,5641.82198,72566.20485,12029.96583,4182.14407,102,14.3
"Finland",1999,6535.5192,23607.71966,5802.28019,71981.47406,12233.77978,4092.24625,101.2,14.2
"Finland",2000,6548.26088,22137.73486,5985.31009,70129.82156,12114.41056,3850.02625,98.5,13.8
"Finland",2001,6570.86789,27570.60981,6052.4908,75490.2997,12229.59834,3690.26436,105.9,14.8
"Finland",2002,6654.68046,30389.65267,6089.58649,77946.67079,12410.93323,3431.11289,109.3,15.2
"Finland",2003,6507.16656,37464.32476,6436.39375,85531.91151,12610.30559,3225.47452,119.8,16.6
"Finland",2004,6500.45581,33400.36985,6791.07784,81841.15255,12944.79517,3063.80032,114.9,15.9
"Finland",2005,6521.97581,22149.49457,6760.40726,69812.89708,12920.99909,2823.45542,98.3,13.5
"Finland",2006,6466.71706,33035.49313,6998.58348,81174.18471,13081.26784,2897.64059,114.1,15.7
"Finland",2007,6446.77886,31040.26077,7455.3847,79513.28576,13423.00107,2794.45253,112.1,15.3
"Finland",2008,6539.19044,24510.82979,7701.62432,71399.309,12776.57942,2674.91684,101.1,13.8
"Finland",2009,6535.23121,25616.10128,6051.83141,67804.0418,12205.39282,2582.10893,95.8,13
"Finland",2010,6629.53246,30947.4901,6177.04004,75626.96674,12712.36155,2583.24554,106.7,14.4
"Finland",2011,6450.85649,24867.87282,6136.18925,67805.30112,12517.36209,2502.16747,96.5,12.9
"Finland",2012,6418.55112,20892.55144,5990.2468,62415.2069,12208.87193,2449.14411,88.8,11.9
"Finland",2013,6534.46641,22172.48745,5892.70573,62893.82805,12003.06445,2331.82469,89.9,12
"Finland",2014,6555.45491,20949.09689,5665.35765,58733.06669,10867.50316,2206.598,84.1,11.1
"Finland",2015,6513.52521,17761.70209,5872.96318,55122.85205,10858.27559,2133.72099,79.3,10.5
"Finland",2016,6557.20659,19149.61799,6107.76951,58044.30896,12077.59247,1993.50172,84,11.1
"France",1990,82311.56547,66373.22592,67200.34931,548068.83218,122819.11916,17263.11239,100,9.5
"France",1991,81842.49486,67831.09851,67382.65495,575181.2243,125360.10856,17928.177,104.9,10
"France",1992,80393.57281,68937.55994,65254.71322,563475.63114,129923.01543,18726.36364,103,9.7
"France",1993,79412.23553,56792.25746,62870.31395,541672.89351,129860.3236,19504.80285,99.2,9.3
"France",1994,79012.07122,53186.56431,63923.91145,535288.02194,130939.25541,20054.68465,98,9.2
"France",1995,79737.09101,55935.98238,63870.4667,543125.61328,132792.05291,20478.36917,99.5,9.3
"France",1996,80162.78147,60700.88298,64371.63062,560469.46637,134480.78646,20722.99063,102.7,9.6
"France",1997,80518.56267,57089.84919,65071.83523,553074.25369,136993.68236,20846.08027,101.4,9.4
"France",1998,80428.25439,69583.30162,59516.14454,566831.04751,139120.49519,21281.76379,104.1,9.6
"France",1999,80876.56975,62972.33581,55196.0046,558830.1857,141458.25798,21508.96086,102.9,9.5
"France",2000,82686.68768,62620.62971,53869.37891,552469.3111,140914.45225,21862.93439,101.9,9.3
"France",2001,82166.93926,56378.55955,53827.74499,557281.69527,143689.49825,22028.79386,102.7,9.3
"France",2002,80808.95621,59188.15627,53858.75839,550513.69437,144577.59613,22141.07386,101.5,9.1
"France",2003,77950.9154,62495.03624,54589.36447,555157.17617,143889.24318,22144.37937,102.4,9.2
"France",2004,78399.63905,61428.20173,53232.93127,553419.66089,144452.91483,21841.77605,102.2,9.1
"France",2005,77307.76876,66887.14575,53148.64465,554874.57245,142188.53921,21628.51322,102.5,9
"France",2006,76885.25617,62860.0437,52122.58353,542490.43736,141501.65002,21461.35098,100.5,8.8
"France",2007,77810.14754,62447.74655,52551.35948,532212.07433,140140.8377,21083.4558,98.9,8.6
"France",2008,78494.92288,61233.77794,50312.28162,525654.13227,133583.28512,20884.65445,97.8,8.5
"France",2009,77661.12509,59323.17166,45389.31147,505575.19932,131986.86452,20252.28316,93.4,8
"France",2010,76462.47168,59851.90613,46987.19245,511840.61548,134955.99733,20383.78776,95.1,8.1
"France",2011,75657.40951,51486.94892,46569.99458,485516.05844,135010.16091,19856.15425,90.3,7.7
"France",2012,75562.70997,52773.98635,44635.02129,485362.84684,133477.58665,19092.07958,90.3,7.7
"France",2013,75077.14249,52384.69524,44836.14125,485453.78919,132899.16394,18601.38407,90.2,7.6
"France",2014,77125.6411,39708.51055,44172.06978,454913.76674,132688.74673,18339.78567,84.8,7.1
"France",2015,76838.12902,41817.85851,43752.86704,459868.11675,133791.52984,17291.88603,85.7,7.1
"France",2016,75786.90119,45154.67801,43413.58509,460643.52272,134343.18687,17011.21124,85.6,7.1
"Greece",1990,10140.24486,43252.75936,11226.9572,103101.31285,14506.98205,4863.82265,100,10.4
"Greece",1991,10163.65243,42086.80753,11163.40442,103172.44033,15324.56194,4839.52002,99.7,10.2
"Greece",1992,9889.26487,44375.84349,10577.35965,104423.08943,15717.98719,4938.01704,101,10.3
"Greece",1993,9336.93035,44274.60499,11028.32219,104013.09496,15919.78598,4989.86543,100.8,10.2
"Greece",1994,9140.38795,46259.01014,11636.59229,106804.21097,16234.93074,5142.65705,103.8,10.4
"Greece",1995,9487.90065,45022.00822,13569.65487,109155.96779,16584.24005,5150.20041,105.9,10.6
"Greece",1996,9549.51263,44198.66348,14338.10763,112302.5574,17029.68816,5249.52811,108.8,10.8
"Greece",1997,9464.9098,47647.16651,14835.60217,117213.48543,17765.40403,5211.94252,113.3,11.2
"Greece",1998,9440.4949,50176.92821,15552.7752,122812.0098,19607.9777,5394.89984,118.8,11.7
"Greece",1999,9367.10357,50474.97542,16389.33785,122983.41995,19939.65648,5347.73825,119.2,11.7
"Greece",2000,9146.79074,54932.0939,15176.40553,126346.42203,18859.95869,5348.87346,122.1,11.9
"Greece",2001,9131.09727,55450.42032,14575.63233,127398.95298,19763.99568,4577.43948,122.9,11.9
"Greece",2002,9154.64183,54871.17454,14768.89563,127395.40336,20082.28143,4531.87494,122.9,11.9
"Greece",2003,9120.26608,56117.92908,14532.53979,131131.71617,21154.64058,4653.86197,127.1,12.3
"Greece",2004,9161.25297,57438.93324,14673.6905,131814.30967,21603.95231,4658.99824,127.8,12.3
"Greece",2005,8959.22209,58261.1125,15426.19685,136281.24806,21891.94975,4764.61096,131.5,12.6
"Greece",2006,8862.5055,56086.60289,12740.68114,132390.97157,22598.13758,4941.45005,128,12.3
"Greece",2007,8994.31292,59571.76591,13175.2491,134996.58179,23208.43227,4763.14513,130.7,12.5
"Greece",2008,8736.95667,58214.86337,12989.40902,131716.46071,22489.5553,4773.79289,127.5,12.2
"Greece",2009,8518.45168,54667.60022,11257.00613,124534.98988,25293.32522,4494.23057,120.5,11.5
"Greece",2010,8838.65224,52211.40502,11741.11825,118436.48558,22476.44624,4778.70783,114.6,10.9
"Greece",2011,8596.45869,54015.92034,10406.04846,115453.9604,20117.74782,4552.32465,111.9,10.6
"Greece",2012,8468.42786,54688.03633,11232.88722,112146.28091,16737.32289,4326.18204,108.4,10.4
"Greece",2013,8404.56327,49367.80007,11953.2503,102546.57232,16513.7381,4421.99123,99.4,9.6
"Greece",2014,7989.56319,45937.66487,12317.77072,99113.10588,16547.59263,4482.5321,96.5,9.4
"Greece",2015,7846.01907,40911.68544,11996.39008,95330.37427,17100.37925,4463.29853,93,9.1
"Greece",2016,7855.68812,37021.0838,12502.23374,91697.73284,17438.46712,4513.02242,89.7,8.8
"Croatia",1990,4399.64861,7071.49422,4677.54204,31858.36168,3881.10779,1051.43789,100,6.8
"Croatia",1991,4271.3209,4738.53196,3539.45787,25037.99711,2941.54661,1071.23311,77.7,5.4
"Croatia",1992,3780.7013,5402.08605,2925.37494,23114.14847,2842.01287,1093.57646,71.7,5.1
"Croatia",1993,3604.36438,5925.5736,2401.99376,23256.06948,2998.59192,1114.70897,72.5,5.1
"Croatia",1994,3409.90166,4630.13142,2656.4753,22338.02254,3181.23724,1143.69512,69.9,4.9
"Croatia",1995,3265.24433,5233.66513,2468.78103,22936.75103,3367.9454,1168.97556,71.5,5
"Croatia",1996,3217.50854,5058.6328,2459.25077,23546.42343,3725.6879,1186.00679,73.3,5.2
"Croatia",1997,3337.56551,5557.62264,2685.95811,24765.02346,4084.46538,1221.54161,77.1,5.5
"Croatia",1998,3094.46525,6214.08046,2431.08888,25110.12824,4193.36232,1246.85142,78.2,5.6
"Croatia",1999,3179.43718,6443.35313,2850.19274,26212.67893,4469.57368,1293.23779,81.6,5.9
"Croatia",2000,3133.54382,5805.91627,3137.01121,25860.87692,4499.38976,1339.38638,80.4,5.8
"Croatia",2001,3277.27406,6369.27335,3133.83912,27056.25124,4555.14656,1364.28055,84.1,6.3
"Croatia",2002,3191.9436,7255.33355,3110.85171,28095.30198,4823.43302,1411.36714,87.2,6.6
"Croatia",2003,3140.59879,7932.07498,3136.83963,29515.19419,5221.97649,1456.87271,91.5,6.9
"Croatia",2004,3376.25317,6812.37846,3497.99203,29626.85287,5405.20822,1516.1347,92,6.9
"Croatia",2005,3324.11125,6837.50432,3574.0051,30012.33357,5561.58506,1518.39599,93.2,7
"Croatia",2006,3377.62923,6658.7938,3736.82655,30394.12472,5918.50764,1616.12674,94.2,7.1
"Croatia",2007,3275.23158,7847.83546,3909.11934,31793.56775,6342.6509,1707.20833,98.8,7.4
"Croatia",2008,3494.54141,6800.62832,3832.5459,30849.36974,6173.70136,1801.22107,95.1,7.1
"Croatia",2009,3000.88231,6391.19677,3085.10375,28496.67769,6182.55645,1852.6307,89,6.7
"Croatia",2010,3094.31457,5903.40152,3332.37104,28084.72237,5952.34087,1910.88026,87.3,6.6
"Croatia",2011,3189.36128,6275.88086,3171.00618,27788.93478,5799.54714,1941.86742,86.2,6.5
"Croatia",2012,3034.88378,5875.86599,2879.29477,25915.74226,5614.24499,1941.11029,80.7,6.1
"Croatia",2013,2786.3143,5263.15224,2638.50152,24554.54239,5699.54622,1824.91921,77,5.9
"Croatia",2014,2702.19158,4765.08539,2775.63846,23762.72506,5642.49244,1920.88797,74.3,5.7
"Croatia",2015,2879.62161,4742.56586,2800.13569,24247.41641,5951.82644,1963.69089,75.8,5.8
"Croatia",2016,2816.91936,4875.2718,2493.59173,24384.83417,6173.37877,2107.80482,76.2,5.9
"Hungary",1990,9879.93077,20860.52641,11809.58086,93655.92628,8869.51501,3784.05628,100,9.1
"Hungary",1991,8323.48842,21749.1885,8077.89981,86996.93398,7777.90263,3857.86912,92.8,8.4
"Hungary",1992,7119.56164,22520.04224,6346.01923,76993.73469,7504.91988,3898.32813,82.2,7.5
"Hungary",1993,6289.18071,22990.53029,7208.9311,77860.24918,7511.5484,3943.19366,83.1,7.6
"Hungary",1994,6184.17316,22186.69155,8705.97244,76733.49233,7351.85303,3976.01296,82.1,7.5
"Hungary",1995,5891.58776,22665.58483,8274.80351,75319.56134,7524.89284,4015.96132,80.7,7.4
"Hungary",1996,5959.293,23017.471,8631.89274,77621.20906,7500.42407,4024.16344,83.1,7.6
"Hungary",1997,5934.19168,25058.82249,8004.04128,76126.02353,7920.86129,4069.54653,81.5,7.5
"Hungary",1998,6134.18817,26666.61106,7616.98335,75668.39641,8754.38655,4111.37543,81.1,7.4
"Hungary",1999,6209.76832,26382.96764,7546.13255,76138.36565,9193.27427,4170.4268,81.6,7.5
"Hungary",2000,6067.47032,23776.94615,8239.9537,73207.97101,9080.93185,4235.40877,78.6,7.3
"Hungary",2001,6256.66482,24082.18276,8168.54457,75243.85534,9573.01625,4233.95783,80.8,7.5
"Hungary",2002,6290.54152,22483.5741,7602.93438,73602.06659,10185.71745,4314.89666,78.9,7.3
"Hungary",2003,6117.92512,23730.63001,7769.92305,76638.83539,10661.22868,4376.90462,82.3,7.7
"Hungary",2004,6394.9267,21883.85323,8511.92176,75604.51474,11102.15841,4238.26486,81.3,7.6
"Hungary",2005,6068.12277,19990.84928,9135.90525,75359.65733,12025.56502,4194.09581,81.2,7.6
"Hungary",2006,6051.38175,20276.16327,8694.55712,74143.4466,12770.77583,4193.07111,80,7.5
"Hungary",2007,6026.30821,21407.85869,8463.40885,72383.62,13088.59092,4196.03876,78.1,7.3
"Hungary",2008,6070.48521,20537.61442,7291.55003,70576.45232,13018.27191,4182.66221,76.2,7.2
"Hungary",2009,5717.07331,17394.65595,6265.16254,64585.79221,12980.41033,4173.47755,69.7,6.6
"Hungary",2010,5636.61642,17959.1643,6431.11599,64949.13414,11649.45791,4111.2122,70.1,6.6
"Hungary",2011,5863.57153,17346.60702,6507.60557,63351.00908,11078.1993,3960.72471,68.4,6.5
"Hungary",2012,5903.38937,16699.47194,6053.86508,59647.18233,10749.74245,3921.96635,64.3,6.1
"Hungary",2013,6307.64641,14053.89574,5468.13095,56795.76913,10026.44045,3706.89696,61.3,5.8
"Hungary",2014,6472.29459,13414.54092,6459.2801,57415.82048,11184.76536,3608.47476,62,5.9
"Hungary",2015,6671.67124,13839.91471,7286.58482,60767.14312,12203.41477,3470.44328,65.3,6.3
"Hungary",2016,6881.42695,13584.68718,6446.46159,61139.78002,12474.8031,3359.92818,65.8,6.3
"Ireland",1990,19533.82694,11223.12673,3309.41318,55417.06344,5150.93726,1546.8004,100,16.1
"Ireland",1991,19576.86769,11684.21617,3011.65884,56097.26216,5330.86949,1627.76496,101.1,16.2
"Ireland",1992,19555.05279,12345.63159,2938.25952,55959.16561,5760.76431,1692.86016,100.6,16
"Ireland",1993,19730.99707,12361.50354,2934.20844,56359.81531,5737.52622,1742.52518,102.1,16.2
"Ireland",1994,19780.87077,12698.96461,3208.45355,57697.02559,5989.74437,1786.79523,104.2,16.4
"Ireland",1995,20246.5208,13383.62905,3275.99857,59177.47207,6283.80533,1823.01709,106.7,16.7
"Ireland",1996,20642.52704,14103.62271,3482.00547,61272.67715,7335.9376,1702.17354,110.2,17.1
"Ireland",1997,20672.84962,14761.01439,3994.35123,62652.43055,7716.23348,1428.90834,113,17.4
"Ireland",1998,21077.73,15141.5352,3853.00224,65173.6402,9062.65085,1472.03189,117.5,17.9
"Ireland",1999,20688.20715,15800.05225,3953.41467,66308.69135,9761.23873,1477.28293,120,18.1
"Ireland",2000,19734.47593,16116.30121,4756.89169,68478.40686,10801.15853,1489.09316,124.4,18.5
"Ireland",2001,19381.36564,17334.22253,4886.74887,70475.25932,11324.29425,1601.84161,128.6,18.8
"Ireland",2002,19046.32577,16420.33723,4295.52807,68428.65862,11513.12721,1707.60163,125.2,18
"Ireland",2003,19255.41628,15726.01717,3628.04566,68662.57509,11714.75668,1763.09892,125.5,17.8
"Ireland",2004,18995.05739,15335.42742,3669.7824,67963.83422,12435.47038,1484.20413,124.1,17.2
"Ireland",2005,18699.32995,15828.51037,3784.93689,69495.0321,13143.23398,1290.67817,127.4,17.3
"Ireland",2006,18345.71258,15076.62404,3888.7383,68782.22607,13822.61998,1326.3973,126.8,16.8
"Ireland",2007,18062.37064,14583.00323,3944.01699,68018.49767,14405.79783,848.50866,125.8,16.2
"Ireland",2008,17835.3678,14710.48339,3506.72614,67301.82694,13674.02526,687.38594,124.1,15.6
"Ireland",2009,17560.74695,13119.10951,2694.207,61547.23378,12451.48482,515.20521,112.9,14.1
"Ireland",2010,17723.94667,13380.2369,2471.48669,61104.8439,11535.06975,499.72274,112.4,13.9
"Ireland",2011,17140.75946,11979.41336,2348.2581,56989.19344,11222.75346,590.77099,104.7,12.9
"Ireland",2012,17545.63297,12816.10876,2554.8454,57611.5341,10836.27214,515.0888,105.2,12.9
"Ireland",2013,18454.70483,11409.47922,2504.22871,57410.21475,11067.60934,671.0335,105.4,12.9
"Ireland",2014,18292.09936,11186.23222,2904.81681,57098.53689,11347.60651,852.47113,105.3,12.8
"Ireland",2015,18548.06482,11802.74519,3107.47778,59211.81252,11812.73092,948.74982,109.6,13.2
"Ireland",2016,19044.43853,12516.28166,3338.5433,61270.20161,12294.64695,957.18028,113.4,13.5
"Iceland",1990,592.68354,13.83442,958.01329,3598.27059,619.89644,180.88869,100,15.1
"Iceland",1991,576.00912,15.43976,837.43112,3381.65271,631.79293,187.29901,94.4,14.1
"Iceland",1992,559.55449,13.87404,607.72909,3293.95794,642.36444,203.12252,91.5,13.5
"Iceland",1993,562.65759,17.34963,564.99942,3378.18843,642.87149,214.99512,93.5,13.7
"Iceland",1994,568.15456,17.02316,531.09966,3300.87651,645.58639,226.84648,92,13.3
"Iceland",1995,547.61233,22.01595,571.2148,3426.17594,624.225,238.69633,95.8,13.8
"Iceland",1996,560.24388,15.52153,546.56342,3474.3191,614.65118,242.74139,98,14
"Iceland",1997,553.44485,12.01887,675.45848,3644.76722,630.00561,247.33021,102.9,14.6
"Iceland",1998,563.52215,15.00521,827.83357,3806.96568,633.37163,253.51366,108.4,15.2
"Iceland",1999,568.06482,12.07773,974.80524,4030.51731,660.20988,260.38955,114.8,16
"Iceland",2000,551.75419,11.0565,1008.55625,4037.67677,662.63031,266.88811,116.1,15.9
"Iceland",2001,551.81904,10.36703,1011.78254,3935.29039,673.70395,276.21183,111.9,15.1
"Iceland",2002,535.21436,12.34777,987.91792,4005.90081,677.61185,279.38845,112.7,15.1
"Iceland",2003,525.08845,11.60643,984.85655,3984.21949,774.21882,280.17635,112.8,15
"Iceland",2004,515.88181,11.33084,986.02548,4088.26574,827.72813,291.53132,116.7,15.4
"Iceland",2005,518.74908,14.04791,964.68596,3947.31009,836.33093,279.43933,114.1,14.8
"Iceland",2006,542.89519,16.35733,1436.00473,4547.64713,982.55019,314.88143,131.8,16.7
"Iceland",2007,559.55946,33.60393,1577.51898,4853.20652,1018.62373,314.12824,140,17.3
"Iceland",2008,572.13035,15.2609,2108.70024,5241.39653,962.54192,301.03977,147.9,18
"Iceland",2009,556.97569,12.82148,1917.66477,4943.02834,935.48429,291.00737,137.7,16.7
"Iceland",2010,545.73363,11.93511,1951.1267,4844.82142,890.19046,290.98581,136.4,16.5
"Iceland",2011,545.7335,10.7722,1845.72114,4581.64155,854.09025,267.69874,130.7,15.8
"Iceland",2012,545.05679,10.60562,1937.48976,4601.81195,844.3082,238.66703,131.9,15.9
"Iceland",2013,539.68438,3.66403,1962.75114,4598.71543,859.99426,251.93114,133.3,15.9
"Iceland",2014,583.29543,2.52601,1941.84836,4634.49428,862.09158,249.88001,135.6,16
"Iceland",2015,570.51872,3.64457,2022.99676,4715.09284,894.81431,244.64233,140.8,16.4
"Iceland",2016,571.1395,2.21354,1973.98958,4639.91321,975.24344,237.16198,145.1,16.7
"Italy",1990,34739.36793,137158.25512,40471.72444,517745.65288,102216.82333,17301.95333,100,9.2
"Italy",1991,35399.17361,132721.64404,40014.75931,518908.77029,104859.37308,17965.52413,100.5,9.3
"Italy",1992,34845.9574,131495.63896,39414.79051,515451.1526,109994.03634,18351.4183,100,9.2
"Italy",1993,35171.11778,125758.20737,36458.77359,509407.90343,111677.23121,18822.15315,98.7,9.1
"Italy",1994,34817.81837,127889.98385,35079.12582,503474.64598,111543.14001,19465.71693,97.5,9
"Italy",1995,34700.64407,141693.51304,38367.50953,532419.03301,114272.51411,19993.21661,103,9.5
"Italy",1996,34519.40764,136529.86899,35343.67567,525294.64783,116050.09572,20662.54498,101.6,9.3
"Italy",1997,35109.94432,138299.21261,35901.31222,531865.21598,118022.18453,21310.06712,102.9,9.5
"Italy",1998,34464.66913,148691.23954,36527.69162,543114.43684,122449.35429,21053.92317,105.1,9.7
"Italy",1999,34840.90502,144847.29986,37026.07599,548226.45578,123818.65791,21052.82213,106.2,9.7
"Italy",2000,33945.94813,149461.30979,39177.95536,554105.74947,123808.39134,21887.13193,107.6,9.9
"Italy",2001,33394.74938,153052.34481,41089.52928,561225.22967,125572.57069,23186.10148,108.9,10
"Italy",2002,32779.58873,159896.23,41488.42067,561242.99065,127982.33774,22449.5015,108.7,10
"Italy",2003,32703.07312,161213.61774,43180.70085,575695.548,128069.16429,22316.68009,111.8,10.2
"Italy",2004,32459.42929,161692.75538,46263.47179,579999.2341,129768.3643,21725.47037,112.6,10.2
"Italy",2005,31893.07729,157518.94617,47152.1602,580599.89071,128449.54822,21880.05992,112.8,10.2
"Italy",2006,31651.46629,159064.95816,43342.94183,570044.71953,129658.50767,21345.3855,110.8,10
"Italy",2007,32339.29343,156365.05102,43444.96963,560568.95952,129469.50674,20978.53244,109.4,9.8
"Italy",2008,31374.85503,155498.27363,40956.72487,547846.68881,122440.15364,20435.66986,106.7,9.5
"Italy",2009,30713.0381,133233.66846,35775.37512,496177.67052,116802.99091,20569.83917,96.3,8.5
"Italy",2010,30012.21446,136668.31126,36747.50886,505773.04747,115247.84633,20398.72048,98.1,8.7
"Italy",2011,30549.51826,132997.99823,36998.15513,492475.30674,114183.50554,19753.48524,95.8,8.4
"Italy",2012,31082.44444,128340.16627,34194.03434,472722.35619,106490.01602,19852.73852,92,8.1
"Italy",2013,30314.24457,108838.20453,33122.20647,442708.38343,103801.77084,18623.22504,86.1,7.5
"Italy",2014,29923.24467,100215.12706,32645.94712,426211.74967,108638.92637,18467.59246,83.1,7.1
"Italy",2015,30065.25094,105800.48277,32575.81903,434043.79332,106008.42262,18570.66733,84.7,7.3
"Italy",2016,31000.17205,104358.70619,32556.03913,432119.0106,103137.8796,18278.47601,83.9,7.2
"Liechtenstein",1990,25.51126,0.17559,0.65315,228.9932,76.6437,1.76843,100,8
"Liechtenstein",1991,25.52736,0.85238,0.63336,236.50281,89.9817,1.71209,103.2,8.1
"Liechtenstein",1992,24.8419,1.89766,0.688,236.68752,89.26713,1.7433,103.4,8
"Liechtenstein",1993,23.7598,1.95895,0.77732,243.83613,87.16081,1.71774,106.5,8.1
"Liechtenstein",1994,23.85539,1.84136,1.05995,230.27946,79.78152,1.75621,100.6,7.6
"Liechtenstein",1995,23.67873,2.08052,1.89252,234.10258,81.79381,1.74076,102.2,7.6
"Liechtenstein",1996,23.88263,2.59518,2.23647,236.50181,83.09644,1.75001,103.3,7.6
"Liechtenstein",1997,23.5469,2.535,2.63179,249.08217,86.71626,1.72809,108.8,8
"Liechtenstein",1998,23.04192,2.92836,3.20182,260.06406,86.34217,1.74699,113.6,8.2
"Liechtenstein",1999,22.09711,2.93359,3.80607,257.07741,90.47241,1.75785,112.3,8
"Liechtenstein",2000,21.48239,2.77082,4.63799,247.68118,91.28665,1.7919,108.3,7.6
"Liechtenstein",2001,22.52859,2.93146,5.51691,247.2798,87.84433,1.77091,108.1,7.5
"Liechtenstein",2002,22.8707,2.51988,6.12523,253.553,83.78936,1.81441,110.8,7.6
"Liechtenstein",2003,23.01221,2.82883,6.93116,263.81147,83.54333,1.82757,115.3,7.8
"Liechtenstein",2004,22.98928,2.95453,7.80696,264.47482,82.19277,1.8298,115.5,7.7
"Liechtenstein",2005,23.557,3.13562,8.13175,264.98101,81.76832,1.83529,115.9,7.7
"Liechtenstein",2006,24.56506,2.85541,8.3686,268.30147,79.16036,1.75704,117.4,7.7
"Liechtenstein",2007,24.91238,2.59567,9.09753,239.00337,83.30418,1.76911,104.8,6.8
"Liechtenstein",2008,25.11994,2.92518,9.94508,259.00513,87.73377,1.83775,113.5,7.3
"Liechtenstein",2009,24.99943,2.98181,9.68306,244.3544,81.8029,1.74958,107.1,6.9
"Liechtenstein",2010,24.18784,3.26303,10.15623,229.4636,77.63433,1.78043,100.6,6.4
"Liechtenstein",2011,24.90684,3.05958,10.3898,216.36479,76.79854,1.82084,95,6
"Liechtenstein",2012,25.13022,2.81541,10.77495,225.55395,79.80489,1.81211,99.1,6.2
"Liechtenstein",2013,24.02029,3.0416,11.22366,232.13204,79.50458,1.83938,101.9,6.3
"Liechtenstein",2014,24.38418,2.51491,11.15743,200.50015,73.75795,1.5807,88.2,5.4
"Liechtenstein",2015,24.09091,2.0464,10.85932,197.78948,61.11683,1.60088,87,5.3
"Liechtenstein",2016,24.05505,2.1726,10.93476,187.68361,59.6593,1.53829,82.3,5
"Lithuania",1990,9039.90661,13552.62998,4481.82309,48213.47186,5838.23613,1570.14528,100,13.1
"Lithuania",1991,8915.71681,14625.40398,4514.14879,50213.09438,6433.86865,1595.83362,104.3,13.7
"Lithuania",1992,6807.07446,8605.06782,2668.81282,30935.26128,4240.53783,1569.47703,64,8.4
"Lithuania",1993,5494.50983,7284.16553,1738.43645,24834.4545,3244.30852,1591.49769,51.3,6.8
"Lithuania",1994,4846.27772,7235.40652,1935.28017,23378.43162,2568.41792,1543.5113,48.3,6.4
"Lithuania",1995,4491.07013,6373.97628,2222.68273,22348.69649,3134.2258,1569.71669,46.2,6.2
"Lithuania",1996,4669.37957,7055.82723,2613.00079,23373.07442,3448.63917,1570.06887,48.3,6.5
"Lithuania",1997,4703.84755,6498.19295,2576.53649,22907.42762,3831.65269,1573.36515,47.3,6.4
"Lithuania",1998,4564.08436,7308.07335,2984.06505,23844.2735,4013.70358,1560.22674,49.2,6.7
"Lithuania",1999,4247.16827,5915.99208,2919.71802,21059.74566,3582.0539,1529.89311,43.5,6
"Lithuania",2000,4078.70238,5055.97426,3075.17535,19503.27273,3208.20827,1538.44424,40.3,5.6
"Lithuania",2001,3911.62256,5532.75332,3322.61887,20253.09727,3446.5283,1576.75225,41.9,5.9
"Lithuania",2002,4058.41598,5350.47183,3495.24623,20648.0564,3568.24189,1565.31779,42.7,6
"Lithuania",2003,4143.97703,5223.85603,3577.99203,20809.98677,3630.29963,1554.59169,43,6.1
"Lithuania",2004,4182.8212,5399.42212,3767.47816,21645.03365,3967.17117,1527.79898,44.8,6.4
"Lithuania",2005,4206.59645,5655.8605,4107.77308,22849.555,4214.13509,1487.24957,47.3,6.9
"Lithuania",2006,4199.67366,5202.95292,4366.44671,23141.98173,4483.7221,1453.36717,48,7.1
"Lithuania",2007,4343.45036,4736.98588,6143.62817,25294.38278,5247.14554,1428.69736,52.5,7.9
"Lithuania",2008,4238.65588,4804.58139,5473.50787,24321.85915,5217.48723,1412.19616,50.6,7.7
"Lithuania",2009,4318.77805,4782.67141,2292.76369,19909.39615,4309.27133,1367.25996,41.2,6.3
"Lithuania",2010,4274.89525,5329.66278,2237.32752,20728.50771,4423.55864,1336.62334,43,6.7
"Lithuania",2011,4302.32354,4461.86038,3717.35595,21294.55358,4383.54421,1242.35628,44.2,7.1
"Lithuania",2012,4378.79576,4411.33712,3566.93709,21228.98476,4396.93,1206.47835,44.1,7.2
"Lithuania",2013,4350.98705,3851.99199,3001.57968,19945.80563,4385.7922,1170.98808,41.6,6.8
"Lithuania",2014,4562.06377,3177.98694,3187.5085,19907.7588,4858.82301,1106.99482,41.5,6.9
"Lithuania",2015,4600.09938,3155.09758,3510.271,20205.62296,5108.26879,1043.27575,42.1,7
"Lithuania",2016,4479.11394,2955.5832,3343.89149,20186.46627,5489.58849,1018.64714,42,7.1
"Luxembourg",1990,709.74641,35.64369,1640.25015,12756.37591,2616.4385,105.13617,100,34.5
"Luxembourg",1991,729.27342,37.29337,1561.66807,13404.09037,3209.63134,107.08778,104.9,35.7
"Luxembourg",1992,697.42772,37.18656,1495.77689,13132.85172,3482.34243,107.62284,102.9,34.6
"Luxembourg",1993,698.22129,35.37671,1479.74776,13287.47435,3534.29672,109.01509,103.9,34.5
"Luxembourg",1994,692.46082,34.61203,1388.02037,12466.20969,3592.1735,100.91659,98.4,32.2
"Luxembourg",1995,712.47437,93.53768,1028.5589,10093.17806,3350.59933,101.03225,80.9,26.1
"Luxembourg",1996,718.55763,82.35505,974.50515,10154.55628,3461.14541,102.92427,81.7,26
"Luxembourg",1997,707.29332,89.7303,867.52407,9504.70676,3724.9143,105.24331,77.7,24.4
"Luxembourg",1998,705.87681,155.94366,709.94076,8626.67984,3902.96877,106.88464,72.2,22.4
"Luxembourg",1999,712.7627,173.47142,750.31281,9092.59103,4228.82364,106.129,76.6,23.4
"Luxembourg",2000,705.81797,120.20293,780.85759,9678.13892,4868.38201,104.61187,80.6,24.3
"Luxembourg",2001,689.32514,282.2951,730.67646,10165.42853,5113.15398,103.98318,84.9,25.3
"Luxembourg",2002,672.98324,1029.34617,751.93396,10941.8895,5301.05564,104.27656,91.4,27
"Luxembourg",2003,635.86159,1036.72896,697.09291,11380.83736,5852.03778,108.87543,95.1,27.7
"Luxembourg",2004,656.83034,1257.43476,755.19553,12783.08053,6812.16584,104.05549,106.4,30.6
"Luxembourg",2005,641.474,1243.20851,726.16575,13024.76397,7187.59848,104.66411,108.5,30.7
"Luxembourg",2006,633.83261,1305.29373,780.36598,12852.45302,6864.17398,104.73491,106.5,29.7
"Luxembourg",2007,648.93581,1181.72772,776.32131,12267.32767,6577.9442,106.24417,102.8,28.2
"Luxembourg",2008,662.66608,996.02592,722.00372,12153.88209,6682.79426,107.10653,101.9,27.5
"Luxembourg",2009,665.29571,1190.8149,651.56103,11607.67339,6159.28118,106.4617,97.4,25.8
"Luxembourg",2010,672.46688,1205.9835,675.77608,12180.07792,6516.68594,95.1921,102,26.5
"Luxembourg",2011,665.62539,1004.16855,692.34193,12061.97445,6892.72108,91.33117,100.5,25.5
"Luxembourg",2012,648.97713,1042.72997,633.10641,11781.29836,6584.81458,89.04652,97.7,24.2
"Luxembourg",2013,659.52005,685.98937,617.11756,11238.61316,6438.71006,89.55283,93.6,22.7
"Luxembourg",2014,675.01965,669.04338,632.95147,10786.88025,6138.8493,90.66738,90.8,21.5
"Luxembourg",2015,688.25857,457.59981,625.48848,10294.9395,5705.5233,85.1914,88.3,20.4
"Luxembourg",2016,704.14395,252.38653,650.33026,10051.95535,5533.3665,83.23234,87.5,19.8
"Latvia",1990,5616.56959,6243.84106,654.30691,26259.45999,3040.44065,699.61917,100,10
"Latvia",1991,5215.75137,5734.23545,586.69571,24365.54088,2849.96997,732.26109,92.9,9.4
"Latvia",1992,4150.69579,4894.98527,306.41537,19616.51493,2539.09535,695.92649,74.2,7.6
"Latvia",1993,3064.02706,3965.88303,147.98794,16199.65082,2328.41121,624.57791,61.3,6.4
"Latvia",1994,2763.05829,3748.2657,195.33814,14269.25616,2207.57504,612.74545,54.2,5.7
"Latvia",1995,2595.97048,3419.49867,210.91786,12893.2872,2105.07183,623.3427,48.9,5.2
"Latvia",1996,2552.29699,3550.34568,221.96047,12934.44596,2069.80868,628.61271,49.1,5.3
"Latvia",1997,2530.99148,3312.79329,238.00572,12382.55908,2062.74757,646.80998,46.9,5.2
"Latvia",1998,2420.83058,3376.51326,246.71972,11883.58663,2034.96427,658.1849,45,5
"Latvia",1999,2226.46226,2951.60414,282.38091,11102.35365,1999.20729,667.10485,42,4.7
"Latvia",2000,2248.8464,2499.8251,234.54933,10487.75995,2213.13461,691.04401,39.8,4.5
"Latvia",2001,2363.34401,2445.02489,260.15848,11062.15903,2613.60362,708.16234,42,4.8
"Latvia",2002,2339.51414,2341.66529,274.67263,11043.44225,2692.48961,689.74559,41.9,4.8
"Latvia",2003,2384.94288,2272.8407,292.41019,11221.618,2841.52486,626.11316,42.7,5
"Latvia",2004,2314.99362,2080.86364,325.55765,11206.78785,2982.82525,618.34916,42.7,5
"Latvia",2005,2384.47446,2069.00093,319.53843,11387.9302,3109.35641,629.49741,43.6,5.2
"Latvia",2006,2384.87018,2096.66983,377.5254,11883.78594,3422.88786,629.9238,45.6,5.5
"Latvia",2007,2476.73744,1966.25328,403.75908,12339.41542,3869.38187,636.63764,47.4,5.8
"Latvia",2008,2447.39183,1938.1475,419.04377,11873.99198,3654.05606,644.36196,45.9,5.6
"Latvia",2009,2459.23831,1888.21462,421.37187,11176.15636,3203.59476,645.97386,43.2,5.4
"Latvia",2010,2480.25668,2273.41258,700.30596,12279.23376,3273.41168,650.53824,47.8,6.1
"Latvia",2011,2486.35583,2093.35125,801.06479,11489.39571,2911.59064,625.93214,44.7,5.8
"Latvia",2012,2581.39007,1877.72001,863.85826,11327.46311,2810.74637,615.35034,44.1,5.8
"Latvia",2013,2632.60039,1951.87768,809.34102,11259.72043,2847.38627,603.74002,43.8,5.8
"Latvia",2014,2705.315,1695.23062,824.70663,11173.49351,2970.02962,598.16234,43.4,5.8
"Latvia",2015,2769.9306,1773.51852,755.15518,11255.92441,3150.52991,561.77407,43.7,5.9
"Latvia",2016,2766.30977,1855.99268,655.87896,11268.72314,3171.72132,600.80003,43.8,6
"Malta",1990,76.59762,1366.8043,7.78026,2103.17534,330.73923,68.79277,100,6.5
"Malta",1991,77.65003,1530.37577,8.00629,2280.25737,355.24583,75.11893,107.2,6.8
"Malta",1992,78.95472,1618.44839,9.01919,2483.01045,401.99244,81.13121,119.2,7.5
"Malta",1993,78.73162,1622.57152,9.03687,2503.47639,405.80297,88.75166,120.4,7.5
"Malta",1994,76.73889,1721.05511,9.32403,2676.4896,426.20906,97.03221,130.5,8
"Malta",1995,77.08008,1711.87447,9.2857,2675.86728,435.68101,104.00149,131.6,8
"Malta",1996,76.28005,1624.10096,9.08779,2638.33416,481.11148,108.59021,130.3,7.9
"Malta",1997,77.48597,1615.68262,9.29947,2691.95886,478.37823,115.12641,133.3,8
"Malta",1998,76.1613,1643.11846,8.72831,2704.08642,478.05313,125.1356,133.2,8
"Malta",1999,75.23974,1702.2479,8.15268,2754.65334,512.93839,130.10758,136.1,8.1
"Malta",2000,77.38195,1679.45774,14.9883,2767.67699,534.9312,139.80863,136.4,8
"Malta",2001,75.67499,1798.73394,19.10161,2676.36276,413.7752,146.4102,130.1,7.6
"Malta",2002,74.56711,1751.06853,22.9706,2679.96567,465.78555,153.01605,128.5,7.5
"Malta",2003,71.84667,1910.61468,24.71111,2894.69066,512.73671,161.73356,138.5,8
"Malta",2004,73.73238,1847.72049,37.0748,2829.64202,485.7595,170.04699,135.1,7.7
"Malta",2005,75.82811,1977.77968,49.45676,2909.61787,458.29664,179.08549,141.2,8
"Malta",2006,75.55731,1992.33325,86.96275,2962.97437,456.84983,188.00421,143.8,8.2
"Malta",2007,76.57233,2034.06911,104.65931,3066.11215,481.10509,192.5828,148.8,8.4
"Malta",2008,72.42537,2025.24471,120.09397,3074.29707,541.87031,113.07804,149.1,8.4
"Malta",2009,69.47888,1903.37197,140.47122,2878.39628,487.48945,129.7284,139.3,7.8
"Malta",2010,68.10365,1884.50786,152.37033,2909.94413,498.01556,149.21173,142.3,7.9
"Malta",2011,64.95914,1937.93623,179.23237,2997.46466,514.90911,134.03762,145.9,8.1
"Malta",2012,66.56271,2057.42486,208.82031,3187.39606,540.98002,133.32136,153.1,8.4
"Malta",2013,66.08431,1695.31876,231.59309,2860.03687,569.01956,123.78379,139.4,7.5
"Malta",2014,65.78738,1656.95899,243.1951,2874.92894,595.59219,139.39233,141,7.5
"Malta",2015,67.85813,886.65962,256.73079,2188.16204,617.71758,146.24338,112,5.8
"Malta",2016,66.63737,578.42683,266.00329,1895.68467,599.36723,148.80398,99.4,5
"Netherlands",1990,25077.39202,53367.8666,22924.77786,220793.62574,28018.67141,14186.28563,100,15.1
"Netherlands",1991,25394.96208,54098.42619,21743.0941,228440.89275,28510.57699,14316.56241,103.5,15.5
"Netherlands",1992,25428.73399,54072.68548,22818.59269,229170.71726,29960.94251,14066.72139,104.2,15.5
"Netherlands",1993,25025.12416,56454.09811,23954.89774,229929.20652,30794.37865,13731.28533,104.7,15.5
"Netherlands",1994,24098.4406,60435.30357,25926.33022,230815.63706,30152.35301,13235.42545,105.2,15.5
"Netherlands",1995,24177.95036,62737.33275,24969.89345,231011.58857,30564.86168,12582.07861,105.8,15.5
"Netherlands",1996,23831.23982,63774.16603,26890.48089,242076.94806,31907.3359,12191.71903,110.9,16.1
"Netherlands",1997,23046.48032,64347.57175,27939.09219,233882.29966,31826.73617,11817.00693,107.7,15.6
"Netherlands",1998,22304.85785,66729.71418,28907.94978,234437.62369,32504.49656,11318.73754,108,15.5
"Netherlands",1999,21792.65975,63021.15201,22629.17377,221104.55827,33013.35033,10405.58503,102.3,14.6
"Netherlands",2000,20698.37953,64660.8865,21698.84947,219304.19051,33005.03786,9821.85934,101.5,14.4
"Netherlands",2001,20236.44996,68568.32579,17729.22057,220007.27908,33314.83078,9261.14592,101.6,14.3
"Netherlands",2002,19086.37814,67831.16382,17797.01687,217878.89963,34064.42184,8793.51263,101,14.1
"Netherlands",2003,18707.2415,69283.14488,15886.70989,218563.74472,34623.8633,8230.78273,101.2,14.1
"Netherlands",2004,18554.64831,70981.95153,16578.87117,219970.33992,35213.31663,7904.39592,102.1,14.2
"Netherlands",2005,18357.13677,68244.14843,16538.10151,214308.46132,35448.97348,6401.52908,99.8,13.8
"Netherlands",2006,18379.27879,63330.97623,16483.37293,209233.95176,36290.76952,5939.74685,97.6,13.5
"Netherlands",2007,18101.50921,66021.90826,15346.74918,207700.18187,35267.42843,5545.61613,96.9,13.4
"Netherlands",2008,18124.00147,66266.10654,11606.59463,207095.0026,35494.527,5197.25771,96.7,13.3
"Netherlands",2009,17969.60329,65076.25864,11289.58991,201412.67321,33910.04462,4932.27909,93.8,12.8
"Netherlands",2010,17973.30509,67569.42576,11891.189,213363.02558,34751.32151,4597.87963,99,13.5
"Netherlands",2011,17653.83009,63419.88043,11765.86301,199235.36368,34630.81292,4325.64848,93,12.6
"Netherlands",2012,17421.83963,60053.86638,11405.94738,195346.94278,33038.7418,4096.67355,90.7,12.2
"Netherlands",2013,17876.61014,60431.22539,11037.12463,194953.94924,32301.67546,3892.80481,90.7,12.2
"Netherlands",2014,18039.99618,64553.45644,10471.4956,187281.88112,30113.27133,3655.46323,87.4,11.7
"Netherlands",2015,18659.59622,69832.1595,10935.77936,195560.4139,30371.63091,3444.1448,91.3,12.2
"Netherlands",2016,18888.64943,67875.18604,10660.24289,195384.31637,30500.55917,3284.93271,91.6,12.2
"Norway",1990,4693.8834,7281.65195,14497.94186,51210.39906,10041.18313,2243.43184,100,12.3
"Norway",1991,4628.03523,7645.50404,13248.27044,48975.86346,9819.16825,2219.25959,95.4,11.7
"Norway",1992,4595.67614,8197.7836,10605.84054,47321.25256,10020.01251,2189.43722,92,11.2
"Norway",1993,4592.39652,8473.2334,11381.15982,49153.95495,10283.44799,2172.02288,95.9,11.6
"Norway",1994,4595.69192,9185.82826,11688.92613,50995.8156,10221.52251,2162.60225,99.5,12
"Norway",1995,4580.58389,9092.55638,11602.67297,51278.31542,10946.1512,2123.60751,98.9,11.9
"Norway",1996,4672.36709,9971.73456,11389.20799,54291.20089,11542.68613,2073.33101,104.8,12.5
"Norway",1997,4620.05906,10342.71501,11496.16074,54222.09902,11824.94955,2030.03583,104.8,12.5
"Norway",1998,4611.21851,10028.24489,11748.28849,54425.76384,12209.21649,1890.53546,105.3,12.4
"Norway",1999,4627.01541,9993.65812,11957.31162,55365.35978,12872.62743,1767.54568,107.3,12.6
"Norway",2000,4485.73492,10956.81138,12096.54799,54831.96301,12104.29562,1821.93759,106.1,12.4
"Norway",2001,4432.28741,12182.36844,11619.21145,56117.81351,12403.01885,1767.19267,108.4,12.6
"Norway",2002,4411.64009,12445.51829,10996.98288,55029.0123,12335.31726,1678.70828,106.1,12.2
"Norway",2003,4479.13204,13162.64339,10211.1802,55694.30317,12825.94482,1671.04622,107.2,12.3
"Norway",2004,4446.69355,13257.36312,10963.52657,56203.39738,13033.40796,1664.46155,108.6,12.4
"Norway",2005,4452.67183,13505.92153,10622.98895,55366.86862,13258.04261,1575.24708,107,12.1
"Norway",2006,4367.79073,13431.28524,9747.3175,55327.35779,13756.28335,1593.46277,107,12
"Norway",2007,4361.55691,13795.1025,9851.48688,57013.37235,14068.21659,1582.15211,110.6,12.3
"Norway",2008,4346.76933,13819.51214,9710.98281,55595.91093,13869.67473,1521.78978,107.6,11.8
"Norway",2009,4327.23198,14759.13013,7370.95625,53178.49045,13721.86655,1532.48939,102.6,11.1
"Norway",2010,4248.61164,15014.71412,8182.84158,55466.74991,14306.75591,1510.14433,107.8,11.5
"Norway",2011,4227.08788,14641.5912,8249.18394,54638.04609,14609.99063,1488.18221,105.8,11.2
"Norway",2012,4246.52129,14324.94033,8199.80399,54090.28272,14765.38156,1463.6423,105.3,11
"Norway",2013,4315.54975,14367.97202,8266.04872,54015.23972,14683.19105,1431.13477,105,10.8
"Norway",2014,4378.56696,15116.92076,8416.48231,54127.24957,14711.46876,1378.76813,104.9,10.7
"Norway",2015,4422.19177,15583.63231,8469.73074,54450.03051,14274.97768,1310.34898,105.9,10.7
"Norway",2016,4458.80263,15124.96364,8623.86254,53607.83665,13695.57245,1257.76704,104.6,10.5
"Poland",1990,47244.2981,236171.4052,22701.35087,474350.1121,20898.09635,21583.4123,100,12.3
"Poland",1991,40192.7854,229881.53412,20099.24807,462290.20937,21972.00729,21113.53703,97.5,11.9
"Poland",1992,36587.85028,220636.45824,19701.63603,449315.74535,22389.82484,20847.8509,94.7,11.6
"Poland",1993,35272.73781,207730.4751,19316.7875,448829.49977,21919.0325,20437.16473,94.6,11.5
"Poland",1994,34852.81208,206870.28323,21307.16518,443645.88061,23035.97472,19988.17926,93.5,11.4
"Poland",1995,34776.64395,191430.92461,22727.00216,444963.24536,23806.08786,19627.31408,93.8,11.4
"Poland",1996,34044.50022,198035.05775,22046.6588,458389.53717,26912.594,19262.0315,96.7,11.7
"Poland",1997,34631.23179,192324.20762,22962.82187,449500.93987,28452.16588,18915.06537,94.8,11.5
"Poland",1998,34379.22343,184997.06605,21386.6037,417992.07567,29943.29464,18712.42023,88.2,10.7
"Poland",1999,32649.9122,179543.34961,20589.43406,406559.56857,32569.00564,18446.22143,85.7,10.4
"Poland",2000,31049.14133,177076.06788,23796.89247,395472.41631,28678.48145,18455.91434,83.4,10.2
"Poland",2001,30653.17868,178697.65558,22468.63239,394370.74237,28428.18411,18074.39911,83.2,10.2
"Poland",2002,29977.78542,172447.55963,20817.90308,384386.31027,27426.46999,17827.24607,81.1,9.9
"Poland",2003,29393.50907,180845.48191,23692.37374,398004.6133,29874.32146,17678.66739,84.1,10.3
"Poland",2004,29378.23385,179531.9186,25490.78701,403040.14701,33773.04411,17248.78132,85.1,10.4
"Poland",2005,29656.04845,178130.17477,25467.77121,403424.41864,36253.85835,17061.479,85.2,10.4
"Poland",2006,30332.52125,183358.61922,27997.5774,418137.52372,40091.39111,16761.64242,88.4,10.8
"Poland",2007,30953.24608,180026.55118,30553.22938,418633.15077,44231.48361,16612.83801,88.5,10.9
"Poland",2008,30967.78094,174306.28303,29128.35561,411395.64165,46194.25062,16387.4465,87,10.7
"Poland",2009,30302.0374,166819.37604,23092.39351,393443.18198,46892.98294,16257.48369,83.1,10.2
"Poland",2010,29727.52103,173160.61176,25000.45808,411668.71217,49404.1566,16041.88728,87.1,10.7
"Poland",2011,30126.13145,174597.6311,27851.07984,411033.61203,49992.00854,15454.6689,86.9,10.7
"Poland",2012,29991.62182,169484.40385,26797.55902,403648.28166,48040.48949,15180.53053,85.4,10.5
"Poland",2013,30556.32279,170042.96185,26471.14987,399974.1825,45187.38154,14988.51875,84.7,10.4
"Poland",2014,30455.71438,160651.28575,28111.22687,387087.46632,45529.75304,14430.93352,82,10.1
"Poland",2015,29612.73977,163513.22725,28508.34929,390444.59534,48028.33057,13877.02919,82.7,10.2
"Poland",2016,30293.2606,163286.79964,26415.56327,399122.53493,54778.10432,13459.84145,85,10.5
"Portugal",1990,7157.16901,16347.66636,5906.04881,59091.59758,10217.35011,4554.27927,100,6.2
"Portugal",1991,7176.84685,16976.85498,5852.43485,60795.84571,10876.75955,4672.54349,102.9,6.4
"Portugal",1992,7062.9992,20061.24503,5557.37421,65086.34723,11782.45806,4811.32712,110.2,6.8
"Portugal",1993,7006.35828,18097.40209,5446.53463,63669.56912,12227.42544,4935.51219,107.9,6.7
"Portugal",1994,7032.58399,17268.73729,5478.6849,64535.95557,12863.42252,5089.88804,109.6,6.7
"Portugal",1995,7072.55785,19906.97334,6225.19892,68927.37501,13539.7949,5227.76734,117.3,7.2
"Portugal",1996,7268.4294,15928.96577,6251.45209,66652.4109,14236.3425,5382.54586,113.3,6.9
"Portugal",1997,7292.33784,16656.36835,6761.21276,69943.25775,15053.84219,5554.63007,118.9,7.2
"Portugal",1998,7238.75309,19285.81192,6952.91465,74682.23692,16862.0695,5739.23571,126.9,7.7
"Portugal",1999,7378.41854,25415.04339,7362.06766,82757.75024,17733.29523,5919.93347,140.2,8.4
"Portugal",2000,7519.23705,21592.43892,7654.59329,82081.95878,19544.38434,6140.36421,138.9,8.3
"Portugal",2001,7282.37102,22078.05004,7211.79452,81689.75151,19844.27677,6298.28716,138.2,8.2
"Portugal",2002,7173.35375,25514.85248,7591.13095,85600.83289,20209.53357,6433.52429,144.6,8.5
"Portugal",2003,6708.18784,20989.45697,7663.63692,80266.19238,20091.87269,6584.87568,136.5,8
"Portugal",2004,6818.5573,22486.87848,8395.67512,83348.68387,20050.37595,6574.02526,142,8.3
"Portugal",2005,6769.77188,25523.1496,8419.20676,85610.35119,19820.65495,6463.48063,145.3,8.5
"Portugal",2006,6706.64043,22541.70668,8209.6764,80855.01035,19872.6559,6383.4723,137.8,8
"Portugal",2007,6833.12781,19883.84646,9063.05906,78574.82865,19471.98578,6238.03782,134.3,7.8
"Portugal",2008,6781.92612,19288.59091,8858.09193,76157.32599,19196.61585,6046.1528,130.1,7.6
"Portugal",2009,6693.56499,19439.80553,7164.78316,73032.48858,19156.34354,5946.09649,124.5,7.2
"Portugal",2010,6622.22921,14530.89442,7617.65929,68800.68335,18930.01857,5808.33094,118.4,6.9
"Portugal",2011,6586.48724,16517.65654,7033.78135,67416.8531,17583.29156,5741.30888,116.7,6.8
"Portugal",2012,6633.19613,17476.7387,6785.99808,65556.08833,16193.63512,5538.6105,113.7,6.6
"Portugal",2013,6619.63397,15240.53276,7281.34539,63710.72721,15825.66873,5362.44026,110.9,6.5
"Portugal",2014,6761.8267,14560.30715,7760.3198,63708.9295,16165.19825,5227.23754,111.1,6.6
"Portugal",2015,6764.95551,18396.06913,7850.07207,67735.40769,16313.9411,4883.91129,118.3,7
"Portugal",2016,6784.09869,17396.32639,7307.35907,65935.72764,16787.54503,4728.02015,115.8,6.9
"Romania",1990,35653.79597,70944.11509,31660.69445,248068.36555,12438.58609,5023.36199,100,10.7
"Romania",1991,28546.14286,65624.82199,22974.83958,204952.79129,10632.29302,4941.01648,82.3,8.9
"Romania",1992,25389.56053,60104.97456,19905.83184,190986.49974,10903.60884,4878.81566,75.8,8.2
"Romania",1993,25456.43691,59240.9395,20456.79294,182119.45805,8744.73931,4895.3563,72,7.8
"Romania",1994,24198.76255,61138.32143,20509.4814,180179.40266,9299.06253,4929.48691,70.5,7.7
"Romania",1995,24224.86352,63433.30485,23656.81176,187178.7991,8553.10703,5157.27209,73.2,8
"Romania",1996,23397.10405,65129.12549,23072.52364,189564.99613,11971.61935,5218.68886,74.2,8.1
"Romania",1997,21850.49307,60610.40464,21398.59494,186026.61092,12242.86331,5289.81801,69.3,7.6
"Romania",1998,20991.3594,51171.83983,20228.83835,166824.0645,11547.36669,5253.80069,62,6.8
"Romania",1999,19739.21524,42657.42736,17572.56738,147872.44564,9571.73212,5326.07682,54.7,6
"Romania",2000,19029.14971,45508.6344,18851.60252,143126.49389,9912.56628,5303.92626,57,6.3
"Romania",2001,19162.51227,47454.52226,18287.3164,146156.29355,11940.22576,5342.56238,59.8,6.7
"Romania",2002,19468.60226,46154.9784,19174.21392,148861.17552,12298.25343,5343.45878,59.3,6.8
"Romania",2003,20039.74924,48510.7836,19896.01849,153745.20511,12952.1434,5588.61233,61.2,7
"Romania",2004,20896.66121,43192.07994,22077.4068,152515.69063,13557.49757,5656.11783,60.9,7
"Romania",2005,21144.14957,43263.52977,22030.93155,151352.49904,12580.64176,5688.25702,59.9,7
"Romania",2006,21157.63625,44761.97656,21509.38142,152072.14996,13059.37735,5511.93053,60.6,7.1
"Romania",2007,21253.85587,47968.94666,21718.25387,153116.76694,13723.45849,5603.99118,62,7.3
"Romania",2008,20894.69809,47432.75586,18435.93895,149572.57173,15398.47833,5546.58391,60,7.2
"Romania",2009,20287.59984,39311.83859,12267.2142,129622.36803,15182.04901,5515.94916,51.8,6.3
"Romania",2010,18087.73595,36893.09708,14143.65355,123904.9647,14236.46857,5584.18039,49.6,6.1
"Romania",2011,18356.27218,40499.82909,14827.55586,129229.57602,14370.05429,5032.30322,51.8,6.4
"Romania",2012,18180.13647,36927.75447,13512.689,125917.06843,15249.11858,5620.37551,50.6,6.2
"Romania",2013,18790.35124,30307.96782,11731.64233,116304.93762,15064.95892,5884.94683,46.8,5.8
"Romania",2014,18866.65689,30188.48265,12438.55655,116328.56612,15599.33138,5863.87824,46.9,5.8
"Romania",2015,19216.25502,29326.31873,12633.07706,116462.87893,15713.68766,5862.15126,47.2,5.9
"Romania",2016,19179.26728,26954.12838,12836.26644,114272.29698,16828.15437,5852.76111,45.8,5.8
"Sweden",1990,7658.27456,9928.13682,7610.53478,71303.67987,19020.01042,3742.30203,100,8.5
"Sweden",1991,7396.26359,10924.01917,7386.64546,71481.92575,18804.29548,3807.80168,99.9,8.4
"Sweden",1992,7277.74924,11527.81163,6879.46506,70923.02494,19687.87445,3819.80217,98.9,8.3
"Sweden",1993,7671.04996,11677.6515,7029.67889,71192.33986,18826.78402,3699.04554,99.8,8.3
"Sweden",1994,7702.98475,12163.22055,7508.47564,73570.95539,19375.41157,3568.02458,103.2,8.6
"Sweden",1995,7912.23675,11332.37864,7887.9431,73287.20209,19507.98192,3561.93356,102.9,8.5
"Sweden",1996,7620.77994,15812.50489,7665.14977,76893.8607,19224.46658,3535.5111,107.9,8.9
"Sweden",1997,7861.4287,11082.38,7730.57836,72137.13987,19355.18485,3501.14491,101.5,8.4
"Sweden",1998,7562.86835,12160.56379,7942.99774,72496.3402,19528.17426,3448.42149,102.1,8.4
"Sweden",1999,7605.48728,10424.1854,7875.19719,69631.21981,19923.77903,3317.69118,98.4,8.1
"Sweden",2000,7774.01344,8927.837,8358.16669,68482.62674,19722.63622,3222.43582,96.9,8
"Sweden",2001,7258.0219,10466.27787,8450.56201,68853.73333,19888.66398,3171.67961,97.3,8
"Sweden",2002,7363.43837,11413.56701,8703.41742,69791.14932,20322.12885,2997.79681,98.2,8
"Sweden",2003,7318.40614,12551.17062,8349.47838,70211.60063,20575.02639,2832.10492,98.7,8
"Sweden",2004,7083.14842,11668.57615,8921.26546,69319.2066,20887.02729,2811.25244,97.7,7.9
"Sweden",2005,7052.2482,10809.90495,8828.22575,66587.26744,21058.12348,2673.48677,94.3,7.6
"Sweden",2006,7242.60223,10849.20204,8795.48483,66536.13339,20921.82711,2584.02266,94.2,7.6
"Sweden",2007,6893.19623,10320.16737,8694.35413,64935.63887,21160.27727,2406.03266,92.3,7.4
"Sweden",2008,6967.68314,10233.3155,8356.11035,62566.4973,20639.18044,2143.11809,89.5,7.1
"Sweden",2009,6694.45425,10625.57965,6360.02031,58340.45683,20229.01099,2053.16146,83.2,6.5
"Sweden",2010,6820.38186,13101.14972,8391.01385,64282.22078,20349.08382,1924.22636,91.3,7.1
"Sweden",2011,7136.14471,10739.73955,7885.94127,60207.28705,19905.15075,1832.71658,85.9,6.6
"Sweden",2012,6660.6477,10354.46955,7522.58438,56872.5501,18660.73016,1693.54064,81.2,6.2
"Sweden",2013,6888.64228,9863.69545,7480.28298,55366.27669,18205.25059,1608.52765,79.2,6
"Sweden",2014,6988.827,9097.61151,7363.37952,53831.57426,17804.69907,1494.30307,77.1,5.8
"Sweden",2015,6860.09393,8801.92539,7311.86102,53460.57512,17844.40153,1400.28199,76.8,5.7
"Sweden",2016,6870.52125,9215.96403,7854.36018,52942.81437,17041.87256,1318.28587,76.1,5.6
"Slovenia",1990,1840.75535,6374.89039,1392.85909,18639.2847,2727.85193,757.01104,100,9.3
"Slovenia",1991,1728.97486,5431.41391,1073.95644,17320.14681,2575.25721,754.07093,92.9,8.7
"Slovenia",1992,1847.53441,5964.57329,1063.7162,17419.11602,2652.82589,740.97221,93.5,8.7
"Slovenia",1993,1742.23053,5754.25303,893.04755,17621.30199,3075.81784,742.87089,94.5,8.9
"Slovenia",1994,1758.5035,5536.86204,1068.69819,18025.28066,3421.62788,764.61004,96.6,9.1
"Slovenia",1995,1756.50021,5725.07601,1073.03895,18720.7168,3791.56487,777.08075,100.6,9.4
"Slovenia",1996,1701.23002,5327.36425,1074.38841,19355.66812,4404.53069,773.37177,104,9.8
"Slovenia",1997,1661.09414,5749.26551,1113.7821,19707.84938,4467.80288,798.63308,105.9,10
"Slovenia",1998,1698.50067,5988.40705,1092.73462,19464.37625,3855.82276,824.61652,104.5,9.9
"Slovenia",1999,1711.11433,5289.14099,1117.14918,18833.36954,3664.90877,841.55298,101.2,9.5
"Slovenia",2000,1800.85192,5594.43709,1162.20503,19075.52272,3807.98156,864.98289,102.5,9.6
"Slovenia",2001,1778.53438,6311.77854,1218.63389,19994.17297,3929.04256,887.36404,107.4,10.1
"Slovenia",2002,1835.71332,6564.32111,1227.67146,20175.99773,3851.83844,891.56131,108.5,10.2
"Slovenia",2003,1746.46432,6289.37526,1296.92666,19899.91071,3991.03845,900.74581,106.9,10
"Slovenia",2004,1692.42513,6421.8685,1350.15461,20217.0076,4141.75508,876.44188,108.7,10.2
"Slovenia",2005,1709.38195,6448.19823,1425.6126,20519.46346,4416.46602,847.58821,110.4,10.3
"Slovenia",2006,1709.17049,6504.66054,1470.32245,20707.1739,4636.05428,819.76971,111.4,10.4
"Slovenia",2007,1762.86,6725.74702,1476.82328,20847.16216,5217.32626,778.8893,112.4,10.4
"Slovenia",2008,1686.40574,6498.68065,1340.14117,21572.75102,6140.60503,697.41977,116.3,10.7
"Slovenia",2009,1697.55105,6210.67255,1005.3992,19601.5461,5311.56944,638.21072,105.6,9.7
"Slovenia",2010,1666.89213,6339.69691,1007.30518,19625.913,5254.70983,629.90524,105.7,9.6
"Slovenia",2011,1648.12326,6359.33306,1021.62225,19634.79054,5691.56876,633.94573,105.7,9.6
"Slovenia",2012,1631.43152,6052.79154,1046.81087,19062.28589,5765.07664,615.65067,102.7,9.3
"Slovenia",2013,1616.30827,5773.73061,1109.26545,18359.16737,5460.25949,596.47026,98.9,9
"Slovenia",2014,1663.12477,4447.89851,1148.15359,16625.55576,5387.06589,563.81827,89.6,8.1
"Slovenia",2015,1700.22042,4561.54423,1142.46035,16819.78975,5362.3533,577.78273,90.7,8.2
"Slovenia",2016,1722.07995,4929.2018,1144.08298,17681.28053,5734.29463,571.8681,95.2,8.6
"Slovakia",1990,5909.39665,18956.47971,9753.92413,73361.59238,6823.767,1427.84749,100,14
"Slovakia",1991,5083.17133,15939.04009,7563.24952,63969.6097,5793.78022,1432.40658,87.1,12.2
"Slovakia",1992,4216.22861,13915.23653,7201.64977,58543.98196,5222.27398,1417.82353,79.6,11.1
"Slovakia",1993,3606.55696,12715.38951,8227.04263,55034.44121,4958.97571,1412.6625,74.9,10.4
"Slovakia",1994,3407.16415,11946.94758,8440.48423,52614.58003,4761.09209,1384.89234,71.3,9.9
"Slovakia",1995,3492.88268,11736.66476,9366.31302,53212.04162,5495.29122,1380.38219,73,10.1
"Slovakia",1996,3445.95148,11771.13395,9685.01757,53161.89111,5724.39497,1380.22986,73.5,10.1
"Slovakia",1997,3381.71148,11614.19771,9733.91403,53023.20865,5809.31161,1393.84783,73.2,10.1
"Slovakia",1998,3106.70636,11601.65695,9876.15109,52434.56952,6109.30134,1408.30494,71.2,9.8
"Slovakia",1999,2857.00148,11793.9068,9497.28593,51135.39333,5961.80288,1411.38511,69.5,9.5
"Slovakia",2000,2738.91627,12093.87271,8592.82806,49196.01935,5725.61292,1419.49182,67,9.2
"Slovakia",2001,2850.3188,13237.95825,8765.66332,51474.96365,6147.09983,1427.12818,70.4,9.7
"Slovakia",2002,2874.34736,12441.05443,9811.15278,50119.83397,6161.49042,1433.0135,67.8,9.3
"Slovakia",2003,2712.06323,13003.45934,9412.95578,50423.81785,6081.46805,1444.61289,68.3,9.4
"Slovakia",2004,2537.66694,12657.28622,10700.75869,51115.30249,6818.9498,1460.46283,69.3,9.6
"Slovakia",2005,2546.37272,11733.85722,10159.87727,51142.21495,7697.60712,1469.8989,69.3,9.5
"Slovakia",2006,2445.36695,11210.34221,11022.61915,51030.31543,6845.57437,1518.98469,69,9.5
"Slovakia",2007,2454.71765,10440.70905,10867.45687,49243.41074,7548.44761,1488.67005,66.5,9.2
"Slovakia",2008,2447.89683,10494.71728,10751.82751,49712.73006,7900.6088,1501.15835,67.3,9.3
"Slovakia",2009,2291.05356,9409.03929,9185.88002,45429.06568,7006.67891,1541.69639,61.4,8.4
"Slovakia",2010,2307.77213,9124.96416,9512.45767,46295.49444,7470.16638,1560.96611,62.7,8.6
"Slovakia",2011,2374.79319,9234.6293,9113.41533,45545.2102,7098.43357,1600.85875,61.3,8.4
"Slovakia",2012,2451.99303,8817.81844,9030.1233,43057.22829,6980.14441,1637.3172,58.3,8
"Slovakia",2013,2529.28234,8279.17061,8746.69901,42727.14028,6848.70388,1618.77595,57.7,7.9
"Slovakia",2014,2658.19476,7110.56557,8967.4847,40659.91557,6591.51838,1641.23295,54.8,7.5
"Slovakia",2015,2529.09749,7623.60638,9179.90863,41644.66327,7281.96631,1692.71255,55.4,7.6
"Slovakia",2016,2639.1752,7540.13131,9377.89246,42153.86672,7536.44836,1653.6226,55.6,7.6
"Turkey",1990,45679.99368,37253.19349,22836.4714,219201.69424,26968.90461,11083.99221,100,3.8
"Turkey",1991,46546.1484,38790.99648,24738.4409,226578.18756,25673.3275,11308.35331,103.9,3.8
"Turkey",1992,46592.4523,43324.16367,24349.10902,232801.91284,26365.68589,11523.16622,106.7,3.9
"Turkey",1993,47031.65868,42752.42145,24534.7888,240148.97882,32142.83709,11755.39524,110.9,3.9
"Turkey",1994,44553.34228,49059.20197,24200.54417,234126.6753,30639.86537,12023.57142,108.1,3.8
"Turkey",1995,43668.35946,50465.48069,25247.31419,247584.90511,34112.98916,12350.99208,115,3.9
"Turkey",1996,44372.46594,54436.63621,26187.5339,267232.25657,36271.47005,12654.34156,124.1,4.2
"Turkey",1997,42242.57878,59580.71569,27028.82714,278606.56263,34689.81991,13156.91382,129.7,4.3
"Turkey",1998,43586.26658,65163.65641,27373.25588,280288.33842,32781.98074,13464.48077,130.7,4.2
"Turkey",1999,44186.84043,70360.48848,25833.23615,277758.54828,34617.14961,13921.42725,129.5,4.1
"Turkey",2000,42260.7145,77742.54037,26227.11612,298889.94716,36464.86782,14348.40324,139.7,4.5
"Turkey",2001,39800.53056,80022.15208,25897.77322,280410.86307,36454.76488,15479.64641,130.6,4.2
"Turkey",2002,37446.85302,74138.36691,26871.78438,286072.83382,36233.99646,15922.02816,134.2,4.3
"Turkey",2003,40869.44657,74370.9206,28207.78554,305596.12722,37824.80746,16218.45579,143.5,4.5
"Turkey",2004,41401.56848,75538.68853,30767.44757,314951.02522,42048.05443,16642.68165,148.7,4.6
"Turkey",2005,42307.10105,90458.1986,33630.50599,337212.68032,42041.15991,17310.16054,159,4.9
"Turkey",2006,43491.88999,96128.97061,36672.78844,358154.97965,45423.90061,18031.10224,170.3,5.2
"Turkey",2007,43176.74943,113570.22914,39175.48569,391422.84569,52098.69335,18300.05669,186.6,5.6
"Turkey",2008,41043.73781,118938.95995,40921.72781,387593.32683,48166.3276,18349.00119,186,5.5
"Turkey",2009,41695.53157,119280.32279,42470.70589,395515.45848,47906.78102,18848.71541,189.9,5.6
"Turkey",2010,43975.78687,113324.25818,48107.22109,398660.53292,45391.99277,19530.28251,193.3,5.6
"Turkey",2011,46400.1376,124974.81201,52749.42459,427571.90459,47385.83321,19756.17588,207.4,5.9
"Turkey",2012,52079.99427,125944.34349,55011.95303,446935.08674,62524.97816,19354.23096,214.6,6
"Turkey",2013,55214.74985,120772.56349,58059.51799,438968.82152,68864.91816,18171.24957,211.9,5.9
"Turkey",2014,55508.20914,131473.83282,58516.91034,457961.86823,73559.26818,18169.63145,218.6,6
"Turkey",2015,55428.33511,134701.71081,57039.90653,472190.80996,75797.65363,18815.31358,227.7,6.2
"Turkey",2016,58181.64062,143962.92977,62175.12981,498468.93897,81841.1999,18440.81614,239.9,6.4
"United Kingdom",1990,48762.38045,236334.63148,66557.31301,794362.76824,121337.46059,66677.26287,100,14.2
"United Kingdom",1991,48465.45339,234077.07183,64781.60711,803537.78043,120526.91236,67261.40243,101.1,14.3
"United Kingdom",1992,47814.53155,222793.23826,60374.79647,782636.20546,121957.83313,67449.9425,98.7,13.9
"United Kingdom",1993,46794.58477,206676.6756,56998.71617,763340.34464,123216.71982,67921.71467,96.5,13.6
"United Kingdom",1994,47750.75089,204856.6485,60310.6756,754327.76856,124661.13056,68208.81931,95.5,13.4
"United Kingdom",1995,47550.24438,202531.15677,60850.00699,747536.83647,124188.53976,69201.82198,94.8,13.3
"United Kingdom",1996,48199.41987,204368.1162,62943.71905,769427.64166,128591.02049,69521.15386,97.6,13.6
"United Kingdom",1997,47476.83908,191964.14228,64146.19933,743879.88909,129821.05813,68989.23575,94.6,13.2
"United Kingdom",1998,47671.41609,197749.51472,60742.32958,742296.31171,129397.75341,67992.03767,94.7,13.2
"United Kingdom",1999,47737.774,188456.85586,42705.94054,711932.04494,130622.79106,65258.64486,91.3,12.6
"United Kingdom",2000,45529.65461,199416.79493,40579.61902,711665.27237,129184.39637,62919.07154,91.5,12.6
"United Kingdom",2001,43078.59777,210211.26488,38770.12713,714879.1691,128670.39877,60905.61791,91.8,12.6
"United Kingdom",2002,42811.55812,208591.79445,37013.52967,695261.30939,131111.88509,59678.44865,89.3,12.2
"United Kingdom",2003,43713.48773,216230.3936,39302.17954,702433.16497,130388.21452,55884.50799,90.3,12.3
"United Kingdom",2004,43821.322,214208.2554,40422.69726,699101.92818,131425.7,51697.73771,90.3,12.2
"United Kingdom",2005,43276.16345,214456.08109,39592.79777,691135.35512,132341.35003,49107.22048,89.7,12.1
"United Kingdom",2006,42238.72497,220517.37819,38794.86109,683811.19977,131784.28266,45950.98061,88.8,11.9
"United Kingdom",2007,41724.35291,215201.65427,41135.69492,671835.6351,132941.27274,42901.87987,87.3,11.6
"United Kingdom",2008,40748.11689,209526.65042,39365.35096,651667.90297,127394.51094,38430.61093,84.7,11.1
"United Kingdom",2009,40440.79026,186292.24441,32708.46984,595825.31354,122680.78167,34393.82665,77.6,10.1
"United Kingdom",2010,40602.75668,193664.11756,35452.15414,610354.92603,120879.63982,29830.34576,79.3,10.3
"United Kingdom",2011,40694.9249,179536.23746,31948.2132,563173.62707,118952.23876,27807.9581,73.6,9.4
"United Kingdom",2012,40325.17219,190766.55222,32287.08553,579729.11701,118178.53742,26241.52439,75.5,9.6
"United Kingdom",2013,40123.49819,178427.39928,34385.43927,565938.60473,116986.58606,23196.55432,73.8,9.3
"United Kingdom",2014,41486.37051,153687.9472,34098.01437,525531.66327,118553.05204,20966.33391,68.8,8.6
"United Kingdom",2015,40870.954,134156.22782,33601.37996,508088.45608,121160.4802,20739.8794,66.7,8.3
"United Kingdom",2016,40890.88336,111899.13503,30768.11743,483267.95396,123654.57515,20124.34524,63.6,7.9
