"country.name","year","agriculture.ghg.emissions.mio.tonnes","energy.ghg.emissions.mio.tonnes","industry.ghg.emissions.mio.tonnes","total.ghg.emissions.mio.tonnes","transport.ghg.emissions.mio.tonnes","waste.ghg.emissions.mio.tonnes"
"Austria",2015,7.16798964037651,10.9275183576121,16.6763804970046,78.8508071684171,22.5874728749799,1.65558155339549
"Austria",2016,7.16358836856198,11.405954133118,15.9092418854546,78.5467450363163,22.1361465468467,1.57393044857264
"Austria",2017,7.20810441845998,10.9235943438762,16.1361744841179,78.3759440773211,22.3739375859102,1.49962861897186
"Austria",2018,7.25262046835797,9.89388569907232,15.8763515432166,77.008001999512,22.5089810990252,1.43152378632045
"Austria",2019,7.29713651825596,9.58004285065034,15.7520508032948,76.4063437118557,22.6233731379577,1.36905942352513
"Austria",2020,7.34165256815395,8.94273096493976,15.5119000470389,75.3927646263657,22.7079814221366,1.31171855078208
"Austria",2021,7.34298340396841,8.43080551893875,15.2747013903535,74.3919436053516,22.7418948995033,1.2585334062038
"Austria",2022,7.34406758344866,8.44717906453945,15.2678185287346,74.1252768712206,22.741372341736,1.20942532307638
"Austria",2023,7.34515176292892,8.48529527080689,15.2319183543129,73.8409796878003,22.6946896691722,1.16401178257334
"Austria",2024,7.34623594240917,8.53217192668682,15.1278997726979,73.4547423520197,22.6030686047074,1.12197719767565
"Austria",2025,7.34732012188942,8.33505080715141,14.9467396824413,72.7243888146067,22.4605938920953,1.083049526604
"Austria",2026,7.34934350539838,8.13864510193458,14.8700858034601,72.0616808947984,22.2935884165626,1.04737911196104
"Austria",2027,7.35136688890733,8.15407718564238,14.7952175519247,71.6023529785439,22.1070189707014,1.01450510434644
"Austria",2028,7.35339027241628,8.14611103752912,14.5965942655677,70.9796336655526,21.9048878984371,0.984188813628904
"Austria",2029,7.35541365592523,8.12208718389491,14.4382895145151,70.3688177546604,21.690727181887,0.956212707156292
"Austria",2030,7.35743703943419,8.08118538305227,14.3082063117854,69.7669868659484,21.4662112342084,0.93037850873225
"Austria",2031,7.39294529460279,8.08096628504562,14.2729094129013,69.3480858834595,21.2377088819331,0.907512257922582
"Austria",2032,7.42911085547321,8.00401435817944,14.2842365055723,68.8874437716762,20.9987327250805,0.886442439442693
"Austria",2033,7.46527641634362,7.86563448944522,14.2748814078106,68.3488525259561,20.752141953622,0.867018779554552
"Austria",2034,7.50144197721404,7.86668263061905,14.2561140429349,67.9284016258691,20.4960587026845,0.849104224144681
"Austria",2035,7.53760753808445,7.5974327967811,14.2673079350082,67.2739267349607,20.2277479722551,0.832573753823604
"Belgium",2014,9.94175784526493,20.5407187843408,19.8108308013649,113.866619000541,25.2262147010694,1.82345291267689
"Belgium",2015,9.84993987729608,21.4348509303877,19.6970601767195,118.135258973897,26.657487361282,1.71928293072176
"Belgium",2016,9.80396939324134,20.8325028039738,19.8153462927501,116.81823918848,26.3099860108888,1.63873004124822
"Belgium",2017,9.7579989091866,20.2296626765678,19.8535000394175,116.278566485255,26.5202116725197,1.56348430084222
"Belgium",2018,9.71202842513186,19.6269126325458,19.9624282422251,115.858282872228,26.7409370763813,1.49164815470635
"Belgium",2019,9.66605794107712,19.0242542896326,20.0288917465282,115.344308574075,26.9617361548167,1.42232866496405
"Belgium",2020,9.62008745702239,18.4216893479502,19.9031451960803,114.677000525996,27.1977612861859,1.35624105278304
"Belgium",2021,9.53855577441257,18.1806869049175,19.7495941512748,114.108512767587,27.3795252816295,1.29973285468415
"Belgium",2022,9.45702409180274,17.9415369894491,19.5960433393436,113.548042847534,27.5613748403313,1.24585974800918
"Belgium",2023,9.37549240919292,17.7024860980681,19.4424927894871,112.991493517066,27.7432884511752,1.19438295324842
"Belgium",2024,9.2939607265831,17.4635362891566,19.288942487835,112.442956715893,27.9252812974881,1.14512439385358
"Belgium",2025,9.21242904397328,17.2246897184094,19.1353924424176,111.931772740493,28.1399533224113,1.09785854275804
"Belgium",2026,9.18139508572952,20.0528197743167,19.0340624155113,114.652300200138,28.3468562793654,1.0568707098314
"Belgium",2027,9.15036112748576,20.0221382124285,18.9327324367858,114.473443137088,28.5538463040157,1.01753344992608
"Belgium",2028,9.11932716924201,19.9934186266168,18.831402496021,114.342124476727,28.7609250170531,0.99351144988614
"Belgium",2029,9.08829321099825,19.964784164156,18.730072599787,114.209550116877,28.9680990983526,0.97094757326585
"Belgium",2030,9.05725925275449,19.9362379039388,18.6287427502739,114.134476709109,29.2195258366462,0.949717755668923
"Belgium",2031,9.05725925275449,19.9062953789886,18.5621002612296,114.093318916047,29.4364811549263,0.937363427057918
"Belgium",2032,9.05725925275449,19.8764475604878,18.4954577721853,114.094651235495,29.6806579789195,0.926113085256523
"Belgium",2033,9.05725925275449,19.8466978825095,18.428815283141,114.101018848063,29.9248395921604,0.915872362269099
"Belgium",2034,9.05725925275449,19.8170499065593,18.3621727940967,114.108395354432,30.1684812167184,0.906553717125094
"Belgium",2035,9.05725925275449,19.7875073263851,18.2955303050524,114.115751303932,30.4108397207712,0.898077994443581
"Bulgaria",2014,5.05457510373107,29.0364370708189,4.90391407898559,57.4704452921428,8.511256490187,4.3585664337815
"Bulgaria",2015,4.96073136577714,30.5679198196479,5.1477119525624,59.1138324070498,7.97324357135245,4.13651474310793
"Bulgaria",2016,4.97470527195392,30.7463548098387,5.0833681671862,59.1009745909159,7.80120030586882,4.10713627481232
"Bulgaria",2017,4.9886791781307,30.9247898000296,5.01902438181,59.0881167747819,7.62915704038519,4.07775780651671
"Bulgaria",2018,5.00265308430748,31.1032247902204,4.95468059643379,59.075258958648,7.45711377490157,4.04837933822109
"Bulgaria",2019,5.01662699048426,31.2816597804113,4.89033681105759,59.062401142514,7.28507050941794,4.01900086992548
"Bulgaria",2020,5.03060089666104,31.4600947706021,4.82599302568139,59.0495433263801,7.11302724393431,3.98962240162987
"Bulgaria",2021,5.07072633049613,30.7254983052369,4.84129502225322,58.3726529957407,7.01355472793299,3.95847447355014
"Bulgaria",2022,5.11085176433122,29.9909018398717,4.85659701882504,57.6957626651013,6.91408221193168,3.92732654547041
"Bulgaria",2023,5.15097719816632,29.2563053745066,4.87189901539687,57.018872334462,6.81460969593036,3.89617861739068
"Bulgaria",2024,5.19110263200141,28.5217089091414,4.88720101196869,56.3419820038226,6.71513717992905,3.86503068931095
"Bulgaria",2025,5.2312280658365,27.7871124437762,4.90250300854052,55.6650916731832,6.61566466392773,3.83388276123122
"Bulgaria",2026,5.26879171914751,27.6172412230045,4.91037960289246,55.6320574257198,6.54093138767859,3.80411521303826
"Bulgaria",2027,5.30635537245852,27.4473700022328,4.9182561972444,55.5990231782565,6.46619811142945,3.7743476648453
"Bulgaria",2028,5.34391902576952,27.2774987814611,4.92613279159634,55.5659889307931,6.3914648351803,3.74458011665234
"Bulgaria",2029,5.38148267908053,27.1076275606894,4.93400938594828,55.5329546833298,6.31673155893116,3.71481256845938
"Bulgaria",2030,5.41904633239154,26.9377563399177,4.94188598030022,55.4999204358664,6.24199828268202,3.68504502026642
"Bulgaria",2031,5.46501947598367,26.7689400750552,4.92518922466409,55.3830007303567,6.24459712659422,3.65658362549667
"Bulgaria",2032,5.51099261957579,26.6001238101927,4.90849246902796,55.2660810248471,6.24719597050641,3.62812223072692
"Bulgaria",2033,5.55696576316792,26.4313075453303,4.89179571339182,55.1491613193374,6.24979481441861,3.59966083595716
"Bulgaria",2034,5.60293890676004,26.2624912804678,4.87509895775569,55.0322416138278,6.2523936583308,3.57119944118741
"Bulgaria",2035,5.64891205035217,26.0936750156053,4.85840220211956,54.9153219083181,6.254992502243,3.54273804641766
"Croatia",2014,2.42687688938619,4.79102716651546,2.68799971824139,23.0488332819519,5.64249243552349,1.47412785423017
"Croatia",2015,2.41392738331346,5.05344803639218,2.78096884754897,23.8295386922467,5.60314973635833,1.5989624190911
"Croatia",2016,2.43575443820174,4.98485776965914,2.82654641840884,23.8589484940118,5.56685809005922,1.64989753171249
"Croatia",2017,2.45758149309003,4.91626750292609,2.87212398926871,23.888358295777,5.53056644376011,1.70083264433388
"Croatia",2018,2.47940854797831,4.84767723619305,2.91770156012858,23.9177680975421,5.494274797461,1.75176775695526
"Croatia",2019,2.5012356028666,4.77908696946,2.96327913098845,23.9471778993073,5.45798315116189,1.80270286957665
"Croatia",2020,2.52306265775488,4.71049670272696,3.00885670184832,23.9765877010724,5.42169150486278,1.85363798219804
"Croatia",2021,2.53673802511826,4.65052486599182,3.01917745516456,24.0176755473523,5.44017794340338,1.89737799150091
"Croatia",2022,2.55041339248165,4.59055302925668,3.02949820848081,24.0587633936323,5.45866438194397,1.94111800080378
"Croatia",2023,2.56408875984503,4.53058119252154,3.03981896179705,24.0998512399122,5.47715082048457,1.98485801010666
"Croatia",2024,2.57776412720842,4.4706093557864,3.0501397151133,24.1409390861922,5.49563725902516,2.02859801940953
"Croatia",2025,2.5914394945718,4.41063751905126,3.06046046842954,24.1820269324721,5.51412369756576,2.0723380287124
"Croatia",2026,2.61568402011684,4.40640984039556,3.07767642955797,24.2810800243761,5.53027283109046,2.10913656420864
"Croatia",2027,2.63992854566188,4.40218216173987,3.09489239068641,24.3801331162801,5.54642196461517,2.14593509970488
"Croatia",2028,2.66417307120692,4.39795448308417,3.11210835181484,24.479186208184,5.56257109813987,2.18273363520113
"Croatia",2029,2.68841759675196,4.39372680442848,3.12932431294328,24.578239300088,5.57872023166458,2.21953217069737
"Croatia",2030,2.712662122297,4.38949912577278,3.14654027407171,24.677292391992,5.59486936518928,2.25633070619361
"Croatia",2031,2.73406012566713,4.26452172925989,3.16293545645431,24.6393780090046,5.58818096617404,2.29386996456977
"Croatia",2032,2.75545812903726,4.13954433274699,3.17933063883691,24.6014636260173,5.58149256715881,2.33140922294593
"Croatia",2033,2.77685613240738,4.0145669362341,3.1957258212195,24.5635492430299,5.57480416814357,2.3689484813221
"Croatia",2034,2.79825413577751,3.8895895397212,3.2121210036021,24.5256348600426,5.56811576912834,2.40648773969826
"Croatia",2035,2.81965213914764,3.76461214320831,3.2285161859847,24.4877204770552,5.5614273701131,2.44402699807442
"Cyprus",2015,0.579836638756795,3.03287340499696,1.3245689834915,8.48668625000316,1.88931594645403,0.514943157643878
"Cyprus",2016,0.659336202676719,3.3107328509728,1.33803300699027,9.00429377978336,2.02217255149018,0.531645691523844
"Cyprus",2017,0.676402934865571,3.30983037702025,1.53303201674322,9.10632124310258,2.08916661823341,0.549425676162109
"Cyprus",2018,0.678468499063953,3.30951299333626,1.53725804736032,9.21164439930871,2.14571084871793,0.567370885884598
"Cyprus",2019,0.680312620367389,3.3091896171479,1.54237240325329,9.31094812255151,2.19740568424178,0.586636569562777
"Cyprus",2020,0.681664044957431,3.30886007712148,1.54586595695376,9.42506738141986,2.25027821477032,0.620005785880027
"Cyprus",2021,0.717485789027704,2.22834677031328,1.54718116068248,8.34639735316733,2.30653517013957,0.495571774422827
"Cyprus",2022,0.717235100016506,2.2650977847722,1.54843944216726,8.4921584970672,2.36419854939306,0.512855854055909
"Cyprus",2023,0.716984414240265,2.29787116252604,1.54963429323139,8.61106908853893,2.4185751160291,0.512999110192848
"Cyprus",2024,0.716733731698979,2.33096252902133,1.55073849097497,8.73232130884514,2.47420234369777,0.513913574128105
"Cyprus",2025,0.716483052392648,2.35980724112126,1.55174496263037,8.84368299203592,2.52616059291542,0.515488861067589
"Cyprus",2026,0.716232376321274,2.38884254837683,1.55263797148426,8.95693468049479,2.57920996536665,0.517767247642549
"Cyprus",2027,0.715981703484855,2.41572624588566,1.55341544284466,9.06575487060498,2.63079416467398,0.52067791182514
"Cyprus",2028,0.715731033883392,2.44273616438864,1.55406617542252,9.17623472240852,2.68341004796746,0.524235535108973
"Cyprus",2029,0.715480367516885,2.46986664167282,1.55459732436713,9.28837223274049,2.73707824892681,0.528419023282708
"Cyprus",2030,0.715229704385334,2.49711173978223,1.55501788193746,9.40217126929313,2.79181981390535,0.533211332381441
"Cyprus",2031,0.714979044488738,2.52446523631795,1.55489974245463,9.52797222824125,2.84765621018345,0.55771039567706
"Cyprus",2032,0.714728387827098,2.55192061550448,1.554679119837,9.63542622006215,2.90460933438712,0.56258843092879
"Cyprus",2033,0.714477734400414,2.57947105901699,1.55435863653528,9.74471539085857,2.96270152107487,0.568010395049313
"Cyprus",2034,0.714227084208686,2.60710943656387,1.55396032703427,9.85586143261335,3.02195555149636,0.57396134522485
"Cyprus",2035,0.713976437251913,2.63482829621857,1.55349357528079,9.96887139668077,3.08239466252629,0.580424319379079
"Cyprus",2036,0.713725793530097,2.66261985449505,1.55296338232755,10.0837480616227,3.14404255577682,0.587382440949996
"Cyprus",2037,0.713475153043236,2.69047598616083,1.55238449106212,10.2005095872587,3.20692340689235,0.594824452984707
"Cyprus",2038,0.71322451579133,2.7183882137814,1.55177138505671,10.3191759853691,3.2710618750302,0.602741194960978
"Cyprus",2039,0.712973881774381,2.74634769699006,1.55111466392405,10.4397344739797,3.3364831125308,0.611114586883606
"Cyprus",2040,0.689149468882087,2.77434522147665,1.55043092999139,10.5296980026123,3.40321277478142,0.619939381979617
"Czechia",2014,8.28715829025473,53.1511055831664,15.2832610900366,123.650698900761,17.1571310319254,5.05425736162172
"Czechia",2015,8.35916055978555,53.70045105806,15.3434720786378,124.818963278717,17.0653346646792,5.1361516039402
"Czechia",2016,8.41511524619685,53.12071225129,15.2274087841807,124.354727101281,17.3624545629005,5.08785730356425
"Czechia",2017,8.47106993260815,52.54097344452,15.1113454897236,123.890490923846,17.6595744611218,5.03956300318829
"Czechia",2018,8.52702461901946,51.96123463775,14.9952821952666,123.42625474641,17.956694359343,4.99126870281234
"Czechia",2019,8.58297930543076,51.38149583098,14.8792189008095,122.962018568975,18.2538142575643,4.94297440243638
"Czechia",2020,8.63893399184206,50.80175702421,14.7631556063524,122.497782391539,18.5509341557856,4.89468010206043
"Czechia",2021,8.73595022743294,49.418090856958,14.6574528036152,120.718809400148,18.4532152717409,4.83697547186369
"Czechia",2022,8.83296646302381,48.034424689706,14.551750000878,118.939836408756,18.3554963876961,4.77927084166694
"Czechia",2023,8.92998269861469,46.650758522454,14.4460471981409,117.160863417365,18.2577775036514,4.7215662114702
"Czechia",2024,9.02699893420556,45.267092355202,14.3403443954037,115.381890425973,18.1600586196066,4.66386158127345
"Czechia",2025,9.12401516979644,43.88342618795,14.2346415926665,113.602917434582,18.0623397355619,4.60615695107671
"Czechia",2026,9.23567892387493,43.550845111664,14.0216909399831,112.646497429568,17.6264859286943,4.49778962487088
"Czechia",2027,9.34734267795342,43.218264035378,13.8087402872997,111.690077424553,17.1906321218268,4.38942229866506
"Czechia",2028,9.45900643203191,42.885682959092,13.5957896346164,110.733657419539,16.7547783149592,4.28105497245923
"Czechia",2029,9.5706701861104,42.553101882806,13.382838981933,109.777237414524,16.3189245080917,4.17268764625341
"Czechia",2030,9.68233394018889,42.22052080652,13.1698883292496,108.82081740951,15.8830707012241,4.06432032004758
"Czechia",2031,9.72575905334386,41.738940963838,13.05303890876,107.383262457821,15.2688520023054,3.90457238098954
"Czechia",2032,9.76918416649883,41.257361121156,12.9361894882704,105.945707506131,14.6546333033867,3.7448244419315
"Czechia",2033,9.81260927965381,40.775781278474,12.8193400677809,104.508152554442,14.0404146044681,3.58507650287345
"Czechia",2034,9.85603439280878,40.294201435792,12.7024906472913,103.070597602752,13.4261959055494,3.42532856381541
"Czechia",2035,9.89945950596375,39.81262159311,12.5856412268017,101.633042651063,12.8119772066307,3.26558062475737
"Denmark",2015,10.4112041394677,13.2478775471043,1.99168368380583,48.4437231582473,12.3363699922074,1.15253208980664
"Denmark",2016,10.4126218209977,16.3234017116481,1.92606024512634,50.922141737087,12.3324111877316,0.938353714039407
"Denmark",2017,10.5625093695994,11.7003561324854,1.87745883312019,45.9676561578232,12.3163716118762,0.845680698621382
"Denmark",2018,10.5624876033778,11.2872976734114,1.88394280130926,45.2608781169384,12.3408079964745,0.754284996130735
"Denmark",2019,10.5702510505535,11.0898529271285,1.92116750100992,44.8698218459117,12.332040763824,0.660104629820768
"Denmark",2020,10.561676002635,11.3490722668606,1.90993088156048,44.7806040067388,12.3249142632405,0.567332237610026
"Denmark",2021,10.5708072095735,11.8501763851593,1.92256201461748,45.3698810612732,12.2912862567229,0.565909090635053
"Denmark",2022,10.5876112952269,12.4288406580498,1.90139088901638,46.0424055339753,12.2672387857233,0.565073183678251
"Denmark",2023,10.5936796566664,13.3128327674022,1.87021306766763,46.9243407954435,12.2495711043811,0.564747325065876
"Denmark",2024,10.611311607016,13.7927336512907,1.84766719562074,47.405381083409,12.2151461372388,0.564631825675044
"Denmark",2025,10.6256910353625,15.1024709780735,1.84360186443669,48.7260959367486,12.194707775689,0.564925722405163
"Denmark",2026,10.6378720622195,15.5035156409207,1.83123949273586,49.148867305451,12.1973599974715,0.565592246785506
"Denmark",2027,10.6517940490024,16.0435739780428,1.83021954962825,49.6122066493774,12.0986255909176,0.566595325786598
"Denmark",2028,10.6673124926975,16.9059518048985,1.82598703162576,50.50082315533,12.0946902747004,0.56790472192185
"Denmark",2029,10.6851443248528,17.3848070250839,1.81862003636921,50.9852809142038,12.0744826764553,0.569494491444505
"Denmark",2030,10.700017980216,17.4094888717473,1.82422273670625,50.9228808161613,12.0286775722295,0.571340131716409
"Denmark",2031,10.7022320768167,16.4173453614175,1.82708897437758,49.89848209895,11.956628020737,0.573422961696871
"Denmark",2032,10.7004941556319,16.0680167686526,1.83048495277428,49.4835924063781,11.8694500098359,0.575565359734524
"Denmark",2033,10.6987551747094,15.7498805128912,1.83589320861623,49.1071070029264,11.7643897292408,0.577759365458093
"Denmark",2034,10.6970151241651,15.5758302871444,1.84040876780824,48.835134506578,11.6413289917386,0.579998433310313
"Denmark",2035,10.6952739940012,15.9835438582123,1.85650252024162,49.1507245854579,11.4926462085039,0.582275940111896
"Estonia",2014,1.34193408767645,14.9360157835803,0.70769102506253,21.0811261561918,2.26442757326502,0.340274691594399
"Estonia",2015,1.33762044452067,12.237232490826,0.512920330213026,18.0404845130056,2.32381627342576,0.326079180379195
"Estonia",2016,1.36372174445144,12.3353626701281,0.53317765398629,18.2625371731113,2.36617187616558,0.317747325973562
"Estonia",2017,1.3898230443822,12.4334928494301,0.649538927393102,18.5249142604133,2.36445060887158,0.297712819164571
"Estonia",2018,1.41592434431297,12.5316230287322,0.764305586969064,18.7889753660616,2.36272934157758,0.280956944532664
"Estonia",2019,1.44202564424373,12.6297532080342,0.887055097538082,19.0622900179491,2.36100807428358,0.26547176514697
"Estonia",2020,1.4681269441745,12.7278833873362,1.00500684068307,19.3319813129965,2.35928680698958,0.251160996345135
"Estonia",2021,1.48771352346072,12.6085180352159,1.00701447506061,19.2600515544454,2.38523187079478,0.241674213676992
"Estonia",2022,1.50730010274695,12.4891526830955,1.00894457830689,19.1895809712529,2.41117693459998,0.233724137498714
"Estonia",2023,1.52688668203317,12.3697873309751,1.0107588748911,19.1201291614419,2.43712199840518,0.226994624591046
"Estonia",2024,1.5464732613194,12.2504219788547,1.01247869224566,19.0516847098667,2.46306706221038,0.221366949148751
"Estonia",2025,1.56605984060562,12.1310566267343,1.01374745344637,18.9832483035668,2.48901212601558,0.216671166712589
"Estonia",2026,1.57755703754335,11.7031185865149,1.00412502946501,18.5899208382393,2.51641612209878,0.212856820521329
"Estonia",2027,1.58905423448108,11.2751805462955,0.994721825246664,18.1983598656872,2.54382011818198,0.209799327341998
"Estonia",2028,1.60055143141881,10.8472425060762,0.985371000396036,17.8075311135241,2.57122411426518,0.207421675184022
"Estonia",2029,1.61204862835653,10.4193044658568,0.978787883887362,17.4200829787328,2.59862811034838,0.205649877365726
"Estonia",2030,1.62354582529426,9.99136642563739,0.972468616372976,17.033463880773,2.62603210643158,0.204443267384594
"Estonia",2031,1.63454855522492,9.88420416542968,0.964302611275197,16.9090931446142,2.60691326866678,0.19984857683109
"Estonia",2032,1.64555128515558,9.77704190522195,0.947611039530132,16.7766119634292,2.58779443090198,0.195669007898653
"Estonia",2033,1.65655401508624,9.66987964501424,0.947260239482625,16.6608588242544,2.56867559313718,0.191876709278829
"Estonia",2034,1.6675567450169,9.56271738480652,0.947022629704095,16.5455327744237,2.54955675537238,0.18839830973414
"Estonia",2035,1.67855947494756,9.4555551245988,0.946839182525949,16.4305480399869,2.53043791760758,0.185207062982963
"EU28",2015,436.986580605341,1259.63307272273,375.025297662851,4315.42656747062,902.283016457627,141.506671008846
"EU28",2016,433.05360474377,1204.68186365943,375.906894086754,4245.07571561216,901.319216459967,135.911404203805
"EU28",2017,432.949749609488,1180.80819595297,375.824963542558,4209.95312267572,899.443268418641,130.89314987606
"EU28",2018,432.309888816986,1149.03150342851,374.747053054223,4161.3528089794,897.408984720988,126.155719540666
"EU28",2019,431.520047670695,1122.9327822141,374.201654238599,4119.37763946088,894.905112727103,122.099021465707
"EU28",2020,431.468346431442,1094.85602851756,373.244589475772,4071.08158638794,891.759814290417,117.8287695095
"EU28",2021,431.43668427884,1088.34602693858,368.90345520428,4048.02693759725,889.894689471472,114.914259017834
"EU28",2022,431.425040823135,1075.19974492346,364.975085086994,4018.99644798198,889.400169051257,112.331026737984
"EU28",2023,431.278554834755,1071.65987258526,361.196658698669,3998.57422256455,887.284930293829,110.052371418909
"EU28",2024,431.321012250957,1053.20355435985,357.159743830428,3964.90138812622,885.147977858589,107.894945586629
"EU28",2025,431.624363836575,1043.48867436313,353.685238637442,3936.73645225967,882.735090959295,105.765582993636
"EU28",2026,431.564901124681,1029.33755068101,351.162919444831,3914.38426011325,883.35482807096,104.296587779645
"EU28",2027,431.533598650567,1013.75651376005,348.525513871481,3888.09019672199,884.225552275581,102.883424543328
"EU28",2028,431.546586434891,1003.66175292707,345.769877695274,3867.42104271223,885.142123234379,101.529318322388
"EU28",2029,431.570295196107,992.457822634043,342.894474251559,3849.08225853815,886.259637470948,100.221533610786
"EU28",2030,431.547968762482,980.995931553285,340.064113732665,3824.42056035542,887.316626022676,98.9602730798749
"EU28",2031,431.431868720046,969.834162730069,338.895296122658,3804.00602764742,887.858874489144,97.4550770062831
"EU28",2032,431.310254238214,956.161798989879,337.975921248063,3786.73836685086,888.572930510814,95.9031515958879
"EU28",2033,431.189130705605,943.004705405199,337.33129395905,3766.44769403281,889.247819404028,94.3690134978848
"EU28",2034,431.070236867985,930.156647945246,336.829701813193,3750.70034707602,889.732148837305,92.8516358901997
"EU28",2035,430.949577472759,914.645306385809,336.412044985573,3729.74330064318,890.365523284814,91.3499031832727
"EU28",2036,43.6364520085024,108.742107642763,56.1672584542131,493.109053935009,136.180918989991,14.3116863073982
"EU28",2037,43.6119416190206,109.081065853478,56.4672678962801,496.096351545763,137.475245244439,14.2851005091756
"EU28",2038,43.5880824525367,109.441604713247,56.7761969008301,499.151058405094,138.788923134475,14.2616205062775
"EU28",2039,43.5648658145555,109.832793160308,57.0953473002346,502.298744849113,140.122505776524,14.2410888188448
"EU28",2040,43.5187114474469,109.533191806896,57.310044548505,503.206574020046,140.592515177448,14.2201474811387
"Finland",2014,6.47537297577697,19.395671981478,5.9665851129825,59.0289870736425,11.052442678144,2.20140772393917
"Finland",2015,6.55360931417185,17.9666807136365,5.88562621103032,55.6873608510288,11.1416791820012,2.17277697200682
"Finland",2016,6.59869654226518,19.6288525986429,6.01440916744322,57.5332895006479,11.1125877555826,2.02289913093775
"Finland",2017,6.60726310532682,19.8106433812239,6.15192148945919,57.6439454160795,11.0562237340087,1.9114365967146
"Finland",2018,6.6578698885284,19.9416891234504,6.28714030838148,57.667556766885,10.9517851628952,1.80692383873852
"Finland",2019,6.65510688457333,19.6107967404166,6.35026413243599,57.0072480947579,10.8470664305857,1.71330378448491
"Finland",2020,6.61277613392155,19.1885100675172,6.41186678273139,56.2740934735672,10.7627414687735,1.62890528239039
"Finland",2021,6.61246264193841,18.5262266628543,6.4298004125157,55.2937275454572,10.6479209184396,1.55272047097256
"Finland",2022,6.61519279126207,17.8838086650743,6.45505750855185,54.3667675581203,10.5476199613583,1.48368647497707
"Finland",2023,6.52707915443876,17.2647671568092,6.48912436742509,53.4076088129528,10.4574800425134,1.42089944994147
"Finland",2024,6.39205243672619,16.6704751010909,6.51453364971424,52.4727839611164,10.3783047381473,1.36359113380831
"Finland",2025,6.44622329870408,14.1517965457033,6.5403413012065,49.8211196101326,10.3095141761383,1.31110310802374
"Finland",2026,6.39580044747694,13.2451439225643,6.57043257725717,48.6490237208566,10.2446017900832,1.26497327078897
"Finland",2027,6.36033790817595,13.060145018305,6.57064249334069,48.2000510389902,10.1883278951145,1.22241185406234
"Finland",2028,6.36934548172165,14.9725274428617,6.57759154602244,49.9252247173715,10.1442447200456,1.18302595322528
"Finland",2029,6.39560219521842,14.6079143836673,6.57525246854327,49.3873365580972,10.1045129917889,1.14647728947598
"Finland",2030,6.3799419397734,14.2517588719157,6.56854620776329,48.7983883823872,10.0441492213564,1.1124718574959
"Finland",2031,6.3799419397734,14.1268629510933,6.56989015054427,48.501733247849,10.0019136516679,1.08075648650986
"Finland",2032,6.3799419397734,14.0028893418065,6.47397882351874,48.1269329563483,9.98173351972549,1.05110715728397
"Finland",2033,6.3799419397734,13.8773734600088,6.46383719577647,47.8071554975477,9.96710296713331,1.02333354324649
"Finland",2034,6.3799419397734,13.7596134395306,6.45227388652511,47.5425733022305,9.96358914541404,0.997262670232933
"Finland",2035,6.3799419397734,13.7567255762614,6.43959310122363,47.3895278466598,9.96013296719473,0.972746042665653
"France",2014,78.8609095283859,40.0305967158169,45.1650296003748,453.487143336022,131.409030728366,18.4588125263616
"France",2015,78.3729417487801,42.0876845836277,44.518953624564,457.128846279821,132.502125263429,17.3761225765723
"France",2016,77.7494447868517,44.3613543511614,44.2712061097678,451.725326444729,129.285654409631,16.8970678119143
"France",2017,77.1259478249232,46.6350241186952,44.0234585949716,446.321806609637,126.069183555833,16.4180130472562
"France",2018,76.5024508629948,48.9086938862289,43.7757110801754,440.918286774546,122.852712702034,15.9389582825982
"France",2019,75.8789539010663,51.1823636537627,43.5279635653792,435.514766939454,119.636241848236,15.4599035179401
"France",2020,75.2554569391379,53.4560334212964,43.280216050583,430.111247104362,116.419770994438,14.9808487532821
"France",2021,75.0593503666303,53.4262932680328,42.1120729737152,425.583314629614,115.698108793998,14.5563383265074
"France",2022,74.8632437941227,53.3965531147692,40.9439298968475,421.055382154865,114.976446593559,14.1318278997326
"France",2023,74.667137221615,53.3668129615056,39.7757868199797,416.527449680117,114.254784393119,13.7073174729579
"France",2024,74.4710306491074,53.337072808242,38.607643743112,411.999517205368,113.53312219268,13.2828070461831
"France",2025,74.2749240765998,53.3073326549784,37.4395006662442,407.47158473062,112.81145999224,12.8582966194084
"France",2026,74.0551318782607,53.1375602361999,36.8620502432822,405.204822434442,112.73760884552,12.7109811467941
"France",2027,73.8353396799217,52.9677878174215,36.2845998203203,402.938060138263,112.663757698799,12.5636656741798
"France",2028,73.6155474815826,52.798015398643,35.7071493973583,400.671297842085,112.589906552079,12.4163502015656
"France",2029,73.3957552832436,52.6282429798646,35.1296989743964,398.404535545906,112.516055405358,12.2690347289513
"France",2030,73.1759630849045,52.4584705610861,34.5522485514344,396.137773249728,112.442204258638,12.121719256337
"France",2031,72.9406233277488,52.5896709710449,34.3706732230607,395.011133836694,112.813263006912,11.8178497049767
"France",2032,72.7052835705931,52.7208713810037,34.1890978946869,393.884494423661,113.184321755186,11.5139801536164
"France",2033,72.4699438134374,52.8520717909626,34.0075225663132,392.757855010627,113.555380503461,11.2101106022562
"France",2034,72.2346040562816,52.9832722009214,33.8259472379394,391.631215597594,113.926439251735,10.9062410508959
"France",2035,71.9992642991259,53.1144726108802,33.6443719095657,390.50457618456,114.297498000009,10.6023714995356
"Germany",2014,66.8632116855081,346.310407649607,60.9893438431152,901.763938793461,161.130087769336,11.57298789044
"Germany",2015,66.955171639206,337.462209763609,61.4453928887634,895.220009733209,160.911692552079,10.9338019429268
"Germany",2016,66.8192513481207,326.562469823529,61.2217701677608,879.306778290435,160.549202823785,10.4745150526778
"Germany",2017,66.6833310570354,315.679967101249,60.9981474467583,863.454542379032,160.186858478394,10.0152281624287
"Germany",2018,66.5474107659502,304.797465410544,60.7745247257558,847.6001237282,159.824514141703,9.5559412721797
"Germany",2019,66.4114904748649,293.912099985903,60.5509020047532,831.72639113502,159.462145651581,9.09665438193065
"Germany",2020,66.2755701837796,283.043302811549,60.3272792837507,816.36945075555,159.099916902127,8.63319163613449
"Germany",2021,66.280832041761,285.410209571555,59.1434819851734,811.722386373583,157.824347306586,8.30932946442914
"Germany",2022,66.2860938997425,287.788485233806,57.9596846865962,807.053474429837,156.548873599143,7.98546729272379
"Germany",2023,66.2913557577239,290.166761411845,56.7758873880189,802.381382443434,155.273399896049,7.66160512101843
"Germany",2024,66.2966176157053,292.545040684608,55.5920900894417,797.726136445993,153.997926219057,7.33774294931308
"Germany",2025,66.3018794736867,294.936064803613,54.4082927908644,793.097228126154,152.72256003521,7.01388077760773
"Germany",2026,66.064488806181,289.522850597922,52.9246061555647,781.390622105679,152.184530639822,6.78429674741785
"Germany",2027,65.8270981386754,284.117830977366,51.440919520265,769.670921415978,151.646570359566,6.55471271722798
"Germany",2028,65.5897074711697,278.712811512207,49.9572328849653,757.950129363607,151.10861008062,6.3251286870381
"Germany",2029,65.352316803664,273.307792047048,48.4735462496656,746.229206353999,150.570649801674,6.09554465684823
"Germany",2030,65.1149261361584,267.918852082021,46.9898596143659,734.524503925371,150.032825141158,5.86596062665835
"Germany",2031,64.9824739282756,258.753430554119,46.4541379063587,721.433611308175,149.80977297578,5.69869727569524
"Germany",2032,64.8500217203928,249.453764399954,46.1225668259665,708.41105164704,149.585588558454,5.53143392473212
"Germany",2033,64.71756951251,240.15409824579,45.7909957455743,695.387418589124,149.361404141128,5.36417057376901
"Germany",2034,64.5851173046272,230.854438232683,45.4594246651821,682.398436175659,149.137219775597,5.1969072228059
"Germany",2035,64.4526650967444,221.390146592739,45.1278535847899,669.276108609771,148.911646866737,5.02964387184279
"Hungary",2015,6.67634717742763,13.9069469019374,7.30201058069712,61.0917492578015,12.2026398464908,3.83862206121847
"Hungary",2016,6.73275329063224,13.6338709194929,7.69520149742294,61.3583303077903,12.3438675153889,4.23552526020895
"Hungary",2017,6.85250812137152,13.3080561016819,7.35711462947268,60.2117735615933,12.1915780930985,4.17795343208484
"Hungary",2018,6.9722866698626,12.9827798304282,7.08891758645629,59.2670343866445,12.0384381918691,4.12536671194724
"Hungary",2019,7.09208798334277,12.6579335609133,7.05086984949442,58.556134063171,11.884426646024,4.07597676869873
"Hungary",2020,7.36204229028579,12.3360794897345,7.04184973566713,57.9714947236023,11.7294771370206,4.02704908650932
"Hungary",2021,7.48188642701169,12.378197875532,7.00297819024461,57.6975372645614,11.6420379959758,3.94334999614376
"Hungary",2022,7.52806582783658,12.4197120305441,6.98419517904254,59.0289326712279,13.1884609156508,3.86116294025964
"Hungary",2023,7.57344864469932,12.4623950041355,6.96602540998991,59.050029436112,13.3238991008224,3.78128931754828
"Hungary",2024,7.61885000699932,12.5026335328902,6.95049612291847,58.9874267938014,13.4584199083856,3.7035057362323
"Hungary",2025,7.66426916975022,12.5354170190519,6.98942266951653,59.2006507115264,13.8085920820544,3.62757653829706
"Hungary",2026,7.70970541789244,12.3690750772707,7.02959152802616,59.2205751835259,14.1583265497983,3.55329441873994
"Hungary",2027,7.75515806509094,12.2024610301135,7.07201382601075,59.2505571459544,14.5058677979573,3.48046974734822
"Hungary",2028,7.80062645258135,12.0356530005347,7.14550974727482,59.0976337813715,14.6304873955277,3.40891913695321
"Hungary",2029,7.84610994806246,11.8685964026161,7.22778842030951,58.966933109183,14.754205702949,3.33850370612303
"Hungary",2030,7.89160794463314,11.7027854893089,7.30529190404847,58.8342075127051,14.8770280053062,3.2690665001916
"Hungary",2031,7.93711985977199,11.7397211923553,7.40231171936121,58.9583704233028,15.0006536986409,3.21879784678996
"Hungary",2032,7.98264513435804,11.7764351478739,7.5115825089137,59.1008661942904,15.1233910494416,3.16802034678995
"Hungary",2033,8.02818323173065,11.8129743020113,7.62520470664594,59.2498021254349,15.2452475158508,3.11724284678995
"Hungary",2034,8.07373363678734,11.8492009971686,7.74255806553922,59.3543937418173,15.3662229104209,3.06646534678996
"Hungary",2035,8.11929585511773,11.8867814820234,7.85061453065119,59.4745272271561,15.399688775948,3.01568784678995
"Ireland",2015,18.7438843826844,11.8015166587852,3.1492122228106,59.4263530149009,11.8130022086551,0.949254418084532
"Ireland",2016,19.250816777725,12.5154229059347,3.41720494986241,61.5457077659559,12.2938412933842,0.957722817461173
"Ireland",2017,19.6441500679713,11.9906581610641,3.45578274242371,62.3035977259108,13.1556140092756,0.777225318091329
"Ireland",2018,19.7320019208758,11.3186370930123,3.46233818016586,62.4360869090836,13.7461417316052,0.705328643644441
"Ireland",2019,19.914550218837,11.4082595254732,3.43356650075258,63.0703259382145,14.0857182524428,0.639632620041254
"Ireland",2020,20.0519407505498,10.2102274808381,3.4068900828926,62.447278677463,14.5559749142275,0.577918498231162
"Ireland",2021,20.1408432773731,10.467316968823,3.46463221479101,63.286649149478,14.9352275122109,0.557106046892664
"Ireland",2022,20.1890956301366,10.7854766907012,3.53454327216344,64.0144169573758,15.2005158898853,0.538677426110966
"Ireland",2023,20.2527409659889,11.1041230919969,3.59058615362764,64.686349298869,15.3623903863798,0.522271101325406
"Ireland",2024,20.2701556748415,11.5825097568469,3.65882936176887,65.3678383745144,15.4322732962516,0.507639131809152
"Ireland",2025,20.3052230833374,11.5424926561849,3.72736202471643,65.5393044771347,15.4685407337819,0.49456061155226
"Ireland",2026,20.3599021652779,11.549402231356,3.78962454451563,65.5402860262961,15.3172396191553,0.48286431485943
"Ireland",2027,20.4032429751798,11.3750846338426,3.86015876456301,65.4019132360127,15.1689259725762,0.472399324387728
"Ireland",2028,20.4448387863541,9.78543166798879,3.91397785929885,63.7832690129036,15.0188498589594,0.46304361221427
"Ireland",2029,20.480273607508,9.7677825754736,3.95731276562574,63.7687551709043,14.8758887356166,0.454675697510227
"Ireland",2030,20.5137834881489,9.87750698924585,4.02987897920001,63.8891186230565,14.7569712777843,0.44719970896344
"Ireland",2031,20.5334248447173,10.0743677864144,4.11892149044595,64.326505823372,14.7855716846204,0.440546440236815
"Ireland",2032,20.5526087616653,10.2583511678679,4.2112459501868,64.7572441262748,14.8115636820438,0.43462382984744
"Ireland",2033,20.5712782181895,10.5672346972251,4.30687167165735,65.3186815625311,14.8345602885,0.429364958228519
"Ireland",2034,20.5911846822093,10.7630378235333,4.40589297510626,65.7742221994528,14.8541379508333,0.424711107854788
"Ireland",2035,20.6081792768701,11.0811389227297,4.51218592495631,66.3584290476398,14.8697613561149,0.420610562175669
"Italy",2014,29.7578762104411,99.8019723078028,30.2289453489457,423.323985784662,108.674295196122,19.7453389700384
"Italy",2015,29.9534182471817,105.88551591294,30.0489491938102,433.024538652341,105.990418344805,18.7866583193006
"Italy",2016,30.0699401161821,104.601744878681,30.7388371120373,431.601314854949,105.669589603584,18.0609674431129
"Italy",2017,30.1864619851825,103.317973844422,31.4287250302644,430.178091057557,105.348760862363,17.3352765669251
"Italy",2018,30.302983854183,102.034202810163,32.1186129484914,428.754867260165,105.027932121142,16.6095856907374
"Italy",2019,30.4195057231834,100.750431775903,32.8085008667185,427.331643462773,104.707103379921,15.8838948145496
"Italy",2020,30.5360275921838,99.4666607416443,33.4983887849456,425.908419665381,104.3862746387,15.1582039383619
"Italy",2021,30.5475144128782,98.0991445133732,32.7711264761901,422.142087475257,104.056067769188,14.744549710009
"Italy",2022,30.5590012335725,96.731628285102,32.0438641674345,418.375755285132,103.725860899676,14.3308954816561
"Italy",2023,30.5704880542669,95.3641120568309,31.316601858679,414.609423095008,103.395654030164,13.9172412533033
"Italy",2024,30.5819748749612,93.9965958285598,30.5893395499234,410.843090904883,103.065447160652,13.5035870249504
"Italy",2025,30.5934616956556,92.6290796002886,29.8620772411679,407.076758714759,102.73524029114,13.0899327965975
"Italy",2026,30.5981797869756,89.7598838101481,29.9588728954315,404.081382408085,102.881210408692,12.8638783693205
"Italy",2027,30.6028978782957,86.8906880200075,30.0556685496952,401.08600610141,103.027180526244,12.6378239420435
"Italy",2028,30.6076159696157,84.0214922298669,30.1524642039588,398.090629794736,103.173150643796,12.4117695147664
"Italy",2029,30.6123340609358,81.1522964397264,30.2492598582225,395.095253488061,103.319120761348,12.1857150874894
"Italy",2030,30.6170521522558,78.2831006495858,30.3460555124861,392.099877181387,103.4650908789,11.9596606602124
"Italy",2031,30.559481355156,77.481057288306,30.3983296785734,390.471681368142,103.354550155555,11.5196120955883
"Italy",2032,30.5019105580562,76.6790139270262,30.4506038446607,388.843485554897,103.244009432211,11.0795635309642
"Italy",2033,30.4443397609564,75.8769705657464,30.502878010748,387.215289741652,103.133468708866,10.6395149663401
"Italy",2034,30.3867689638566,75.0749272044666,30.5551521768353,385.587093928407,103.022927985522,10.199466401716
"Italy",2035,30.3291981667568,74.2728838431868,30.6074263429226,383.958898115162,102.912387262177,9.75941783709185
"Latvia",2014,2.7264,1.69367847078678,0.837528890046966,11.3733529314503,2.95192167837764,0.836938758384784
"Latvia",2015,2.86803763124597,1.829290484,0.735444975043186,11.3877307276234,3.131485288,0.703399182334273
"Latvia",2016,2.91411817097808,1.79604370783739,0.757036824621087,11.4234179803308,3.11259510185303,0.689906411619064
"Latvia",2017,2.96019871071019,1.76387702295347,0.769145583857393,11.4626485357613,3.09402655101593,0.68674432158321
"Latvia",2018,3.00627925044229,1.73281117111571,0.779801216509838,11.5006547410764,3.07579428961427,0.681048320836987
"Latvia",2019,3.0523597901744,1.70287095811724,0.799682067876957,11.5486297972714,3.05791476558595,0.673259143387971
"Latvia",2020,3.0984403299065,1.674085643,0.786774102525938,11.5650749570569,3.040406412,0.663810192624508
"Latvia",2021,3.14217670804199,1.62842075537169,0.799013994206702,11.6133132568411,3.06905358223656,0.656748969869914
"Latvia",2022,3.18591308617747,1.58400170939038,0.78958620683879,11.6492573719026,3.0980481684651,0.652411358673486
"Latvia",2023,3.22964946431296,1.54079451018262,0.797794048842992,11.7125951163607,3.12739825983182,0.651059192782017
"Latvia",2024,3.27338584244844,1.49876609062065,0.799939251664255,11.7763969221329,3.15711229910207,0.649320626182095
"Latvia",2025,3.31712222058392,1.457884286,0.799021195667383,11.8463998669672,3.187199102,0.649774150715934
"Latvia",2026,3.33084714652538,1.43489233174298,0.807978733973435,11.9104478731718,3.20264342020532,0.651265976066817
"Latvia",2027,3.34457207246684,1.4122635258295,0.804931975193746,11.9686923174834,3.21817012611007,0.654243353824006
"Latvia",2028,3.3582969984083,1.38999212202735,0.811593980908565,12.0417868982418,3.23377972725513,0.657419527036353
"Latvia",2029,3.37202192434976,1.36807246522845,0.806312889956319,12.1078564401413,3.24947273488911,0.660328472812714
"Latvia",2030,3.38574685029122,1.34649899,0.816250739332019,12.195427305745,3.265249664,0.664075563121719
"Latvia",2031,3.3903562474939,1.37869302945767,0.820821665560417,12.2662141861989,3.28757025567178,0.658677887419925
"Latvia",2032,3.39496564469659,1.41181543236123,0.824581012172821,12.3394847629773,3.31004621754246,0.65276627603591
"Latvia",2033,3.39957504189927,1.44590592251639,0.830995553916469,12.4198555120075,3.33267867259213,0.647517826144366
"Latvia",2034,3.40418443910195,1.48100681620437,0.836092595155589,12.5032576622781,3.35546875255546,0.642852106072299
"Latvia",2035,3.40879383630463,1.517163234,0.815967573157123,12.5657125946327,3.378417598,0.638699422170939
"Latvia",2036,3.41298628952479,1.58933445600085,0.821237651459043,12.6781808684644,3.3809477685042,0.638699422170939
"Latvia",2037,3.41717874274494,1.66498165604272,0.826199884309173,12.7944243783047,3.38348565023126,0.638699422170939
"Latvia",2038,3.42137119596509,1.74427316775784,0.831133531495506,12.9149013230196,3.38603128851999,0.638699422170939
"Latvia",2039,3.42556364918524,1.827385496798,0.835928273111451,13.0396887013837,3.38858472908087,0.638699422170939
"Latvia",2040,3.4297561024054,1.914503718,0.840512284375028,13.1689107879514,3.391146018,0.638699422170939
"Lithuania",2014,4.52560388305793,3.1570462596,3.19999007594429,19.7777378480106,5.06453320506201,1.13658628335522
"Lithuania",2015,4.66401761155673,3.18483599028645,3.45552990835841,20.1780337433333,5.16362051539725,1.00889359497165
"Lithuania",2016,4.89264334267778,3.2369631280706,3.59497838200505,20.6163193516993,5.25434764255779,0.928885150553379
"Lithuania",2017,4.91682827226289,3.2902253652666,3.72545837797831,20.8192680114766,5.32432238791409,0.846408453504301
"Lithuania",2018,4.941013201848,3.34464466340945,3.73844077435082,20.9179040437308,5.39896770027876,0.771130458352289
"Lithuania",2019,4.96519813143311,3.40024342918845,3.86891568799353,21.1414873096446,5.4735937475565,0.701987546735067
"Lithuania",2020,4.98938306101822,3.45704452330295,3.94526053762477,21.3302817616633,5.56095564172117,0.638087480055469
"Lithuania",2021,4.99535419001081,3.51507126949549,3.84733466821709,21.3274398369043,5.61957525731532,0.602391141471598
"Lithuania",2022,5.0074411430021,3.57434746376607,3.84683787427711,21.4355315984163,5.69077227470172,0.560094875560358
"Lithuania",2023,5.01952809599339,3.29689738377102,3.84756727598182,21.2122900738621,5.76198804670515,0.521783948522229
"Lithuania",2024,5.03161504898469,3.35874579841023,3.7802820797694,21.2821422524548,5.83318506409154,0.505138036796301
"Lithuania",2025,5.04370200197598,3.42191797760651,3.78079144755746,21.4248054189054,5.90540075638794,0.491001705112813
"Lithuania",2026,5.04541549166089,3.4864397022809,3.78135230524296,21.5577693866339,5.97873503007559,0.474854746265003
"Lithuania",2027,5.05732202134365,3.55233727452779,3.75231671590383,21.675770242621,6.05304944849939,0.460625932679301
"Lithuania",2028,5.06922855102641,3.61963752799401,3.75311509979256,21.8268834642475,6.12738456677281,0.448085077811259
"Lithuania",2029,5.08113508070916,3.68836783846575,3.75391297143912,21.9810830025646,6.20171630505096,0.437036415072392
"Lithuania",2030,5.09304161039192,3.75855613466763,3.7428896006524,22.1356075349317,6.28524209362476,0.427313073491048
"Lithuania",2031,5.10581552950632,3.81377740820874,3.74183682072847,22.2773275497504,6.35539578366276,0.426246018708475
"Lithuania",2032,5.11889000232218,3.86764606169277,3.74078375482598,22.4290227056278,6.43476084385076,0.426119962743296
"Lithuania",2033,5.13226834950208,3.92456585519096,3.73973079706992,22.5850073547117,6.51410663895184,0.426829614300715
"Lithuania",2034,5.14595395230045,3.98018028092799,3.73867789776064,22.7408759494871,6.59347118866995,0.428284260643732
"Lithuania",2035,5.16009922824641,4.03884963805062,3.73762506112967,22.9102370062191,6.68202835392103,0.430405508697253
"Luxembourg",2015,0.680829761441167,0.457215600736833,0.62608457177816,10.2689348720114,5.69283390177343,0.0929699546355653
"Luxembourg",2016,0.676315296891332,0.189712349371579,0.66211053573279,9.90280654326119,5.58153505170622,0.0909982195972899
"Luxembourg",2017,0.671800832341498,0.190119916918956,0.646059951616845,9.85937826923563,5.58034294334498,0.0890264845590146
"Luxembourg",2018,0.667286367791664,0.190527484466333,0.630009367500899,9.8174362360888,5.57844268551272,0.0870547495207393
"Luxembourg",2019,0.662771903241829,0.19093505201371,0.613958783384954,9.78723949742129,5.58644620585906,0.085083014482464
"Luxembourg",2020,0.658257438691995,0.191342619561088,0.597908199269009,9.7972763224153,5.63617009835748,0.0831112794441886
"Luxembourg",2021,0.659324914831859,0.191751997865752,0.586944040579163,9.77722976422927,5.6480278558224,0.0822176472125864
"Luxembourg",2022,0.660392390971724,0.192161376170417,0.575979881889317,9.75411564278038,5.6576254220172,0.0813240149809842
"Luxembourg",2023,0.661459867111589,0.192570754475081,0.565015723199472,9.72999223258765,5.66664770176432,0.080430382749382
"Luxembourg",2024,0.662527343251454,0.192980132779745,0.554051564509626,9.70422138196304,5.67438229763638,0.0795367505177798
"Luxembourg",2025,0.663594819391318,0.19338951108441,0.543087405819781,9.67728237148234,5.68088850567202,0.0786431182861776
"Luxembourg",2026,0.66413002929023,0.193964678301856,0.527687228392063,9.64724380996425,5.68629062475868,0.0783619492364677
"Luxembourg",2027,0.664665239189141,0.194539845519303,0.512287050964345,9.614802865819,5.68933534354915,0.0780807801867577
"Luxembourg",2028,0.665200449088052,0.195115012736749,0.496886873536627,9.57993812593742,5.69014550971257,0.0777996111370477
"Luxembourg",2029,0.665735658986963,0.195690179954195,0.481486696108909,9.54272202153562,5.68874703163423,0.0775184420873377
"Luxembourg",2030,0.666270868885874,0.196265347171641,0.466086518681191,9.50361023810944,5.68544231252991,0.0772372730376277
"Luxembourg",2031,0.665938927154672,0.196431518419319,0.454103605034157,9.47547588158644,5.67811736074171,0.0780748459454089
"Luxembourg",2032,0.66560698542347,0.196597689666996,0.442120691387123,9.44416215257048,5.66770205581286,0.07891241885319
"Luxembourg",2033,0.665275043692268,0.196763860914674,0.43013777774009,9.40983213916044,5.65428482539914,0.0797499917609712
"Luxembourg",2034,0.664943101961066,0.196930032162351,0.418154864093056,9.37277312568975,5.6380835557173,0.0805875646687524
"Luxembourg",2035,0.664611160229864,0.197096203410028,0.406171950446022,9.33334023451328,5.61937602690103,0.0814251375765336
"Malta",2015,0.065898058593819,0.890550325691055,0.229333041725842,2.21482169417927,0.646099311003864,0.133791582010635
"Malta",2016,0.0636534230269016,0.285774897035229,0.241878227870152,1.54157378812637,0.536664972333999,0.145455020767317
"Malta",2017,0.0630751659418736,0.392534963733528,0.224495052008587,1.62454694476515,0.521849439640278,0.148612479533567
"Malta",2018,0.0624862652569159,0.384654722583839,0.22922507057043,1.61276953186954,0.502946008624836,0.151553774959975
"Malta",2019,0.062000529440732,0.376397570032076,0.235013560867799,1.60175327733124,0.483422183153382,0.154319532545015
"Malta",2020,0.0614141135740628,0.376244274129386,0.240181544097596,1.60642491891175,0.471524774285944,0.156939898192957
"Malta",2021,0.0615596481210468,0.366202232013823,0.244942208851686,1.60832231128175,0.465670655070375,0.159437479714738
"Malta",2022,0.0616139861752591,0.360232077652404,0.249463448204223,1.6146362125893,0.459722980244215,0.161829450113356
"Malta",2023,0.061731520576321,0.350324131150316,0.253932327407797,1.6179674975253,0.45369978755191,0.164129052216882
"Malta",2024,0.0618555892150913,0.344804351466935,0.258222160335018,1.625601497117,0.447594067084982,0.166346675716987
"Malta",2025,0.0619657544106916,0.339571525859145,0.262360042350664,1.63384558889781,0.441411283221935,0.168490628757504
"Malta",2026,0.062100074814841,0.334265404656967,0.266292778733477,1.6420143024241,0.434844359786789,0.170567691292763
"Malta",2027,0.0622238952823959,0.328883155572304,0.270304026210139,1.6506433988026,0.428303785867244,0.172502394313343
"Malta",2028,0.062352104116537,0.323421570413714,0.274151127274459,1.65977382838548,0.421788684924233,0.174307422519899
"Malta",2029,0.062487322433149,0.317877117574815,0.277792362688656,1.66930881530379,0.41529896425995,0.175993302411026
"Malta",2030,0.0626194809078957,0.316345768528625,0.281229167649471,1.68349329921273,0.408834142504197,0.177568946073246
"Malta",2031,0.0626196438009133,0.319075194092982,0.284259212355432,1.70621561578276,0.405480162030367,0.179545045572141
"Malta",2032,0.062618427737003,0.321678766234653,0.286999285435908,1.729959846337,0.402089584570237,0.1813934527761
"Malta",2033,0.0626180048962618,0.324949048689525,0.289600871884405,1.75537529983161,0.398662390671952,0.183122052600275
"Malta",2034,0.0626182239781009,0.327408222716849,0.29187932249483,1.78090815851478,0.395198536328381,0.184738036251728
"Malta",2035,0.0626187023122478,0.330234241026309,0.293716540711941,1.80747162738916,0.391697989618545,0.186248018753012
"Malta",2036,0.0626187473973287,0.333084517860949,0.295038148636779,1.64840400002777,0.390169934201837,NA
"Malta",2037,0.0626185540363146,0.335959222904072,0.295730453129964,1.67594899307762,0.388620163915191,NA
"Malta",2038,0.0626184704949853,0.334179038041699,0.295626565900613,1.69898222750097,0.387048657316529,NA
"Malta",2039,0.0626184723278559,0.337119710120437,0.294655799418262,1.72665160202957,0.38545539365161,NA
"Malta",2040,0.0626185230848327,0.340083986623183,0.292698168467734,1.75432833641201,0.383840351708754,NA
"Netherlands",2014,18.395347567862,64.1147331047998,11.0814736678022,186.845429071259,30.4472733684208,3.57891080463969
"Netherlands",2015,18.6904445797484,69.7833381253337,10.7973860531415,197.850315217077,31.7687402034173,3.38489187067473
"Netherlands",2016,18.7044445797484,64.3835474048193,10.8629134073741,191.458241308442,31.4938715470278,3.18121718670574
"Netherlands",2017,18.7184445797484,58.0456559213325,10.8757424125782,183.960018317503,31.2196266758565,2.99448097479389
"Netherlands",2018,18.7324445797484,54.5314349459546,10.8479481179562,178.893911614829,30.945424640745,2.82327685576314
"Netherlands",2019,18.7464445797484,50.6916276523759,10.7841267107586,174.045950474368,30.6698099633426,2.66631799181987
"Netherlands",2020,18.7604445797484,50.3122627590617,10.772076179978,172.122510464739,30.3962283807654,2.52242690019718
"Netherlands",2021,18.7484445797484,51.687296731488,10.6394132823722,172.516878390206,30.4593367048998,2.47574630645629
"Netherlands",2022,18.7364445797484,55.1244036150382,10.5712488772577,175.845217292297,30.5213408373937,2.33591250671058
"Netherlands",2023,18.7244445797484,56.2704646367354,10.529679464145,176.329669772498,30.5829713243943,2.20790269243577
"Netherlands",2024,18.7124445797484,56.8281913407637,10.4621013286494,175.870942723279,30.645204040015,2.09078588818679
"Netherlands",2025,18.7004445797484,56.2865917066051,10.4080511391661,175.480730213077,30.7081169228376,1.98370635795069
"Netherlands",2026,18.7004445797484,57.913964152325,10.3742140408146,176.445018869963,30.7255086928261,1.88587739670725
"Netherlands",2027,18.7004445797484,57.6647479038429,10.3034116721505,175.402890281082,30.7440753730493,1.79657564274882
"Netherlands",2028,18.7004445797484,57.1397217961363,10.2243776272665,174.209341041694,30.76202158306,1.71513586651283
"Netherlands",2029,18.7004445797484,56.9130895681588,10.1810999945578,173.285538522581,30.780789353641,1.6409461954786
"Netherlands",2030,18.7004445797484,55.6057566525919,10.1516340167607,171.13565046161,30.7987147212802,1.57344373814831
"Netherlands",2031,18.6874445797484,53.8682754721777,10.2477158677339,168.81119640067,30.9333986691659,1.51045970623087
"Netherlands",2032,18.6744445797484,52.1307942917635,10.3437977187071,166.486742339731,31.0680826170517,1.44747567431343
"Netherlands",2033,18.6614445797484,50.3933131113493,10.4398795696804,164.162288278791,31.2027665649374,1.38449164239599
"Netherlands",2034,18.6484445797484,48.6558319309351,10.5359614206536,161.837834217852,31.3374505128232,1.32150761047855
"Netherlands",2035,18.6354445797484,46.9183507505209,10.6320432716268,159.513380156912,31.4721344607089,1.25852357856111
"Norway",2015,4.5478683855103,15.5085175721626,8.4642413297885,53.9081933270605,13.2300524390884,1.2938511405277
"Norway",2016,4.51072148591932,15.4847766080382,8.42602109630659,53.5270983920392,13.120043334231,1.24304605763492
"Norway",2017,4.47417494632819,15.4611264015449,8.3920581584316,53.1509597720049,13.0100342284886,1.19224097468003
"Norway",2018,4.43762840673706,15.4375661118938,8.36093053928615,52.7777527306605,12.9000251227462,1.14143589172513
"Norway",2019,4.40108186714594,15.1344031922139,8.3324732111588,52.1482029160209,12.7900160170038,1.09063080877024
"Norway",2020,4.36453532755481,15.1110201756271,8.30653152749471,51.7803715848382,12.6800069112614,1.03982572581535
"Norway",2021,4.36824710755013,15.0966472911305,8.24590259315795,51.5021278996555,12.5545135396572,1.00955645399711
"Norway",2022,4.37195888754544,15.082274406634,8.18877313923497,51.2280293443613,12.429020168053,0.97965494779645
"Norway",2023,4.37567066754075,15.0679015221374,8.13482649018022,50.9571135939354,12.3035267964489,0.949753441595794
"Norway",2024,4.37938244753606,15.0535286376408,8.08377805427287,50.6890960566569,12.1780334248447,0.919851935395137
"Norway",2025,4.4039283393317,15.0390951823221,8.03537192072963,50.451050140109,12.0581822389974,0.890183890657331
"Norway",2026,4.41276893105846,14.8444941114169,8.0218080861429,50.0141434299529,11.9216460220276,0.860295365448642
"Norway",2027,4.42160952278522,14.6498930405117,8.01044896520814,49.5794414334488,11.7851098050579,0.830406840239952
"Norway",2028,4.43045011451199,14.4552919696064,8.00110775953576,49.1467573522071,11.6485735880882,0.800518315031262
"Norway",2029,4.43929070623875,14.2606908987012,7.99361604304203,48.7159227601441,11.5120373711184,0.770629789822572
"Norway",2030,4.44813129796551,14.0660898277959,7.98782184032915,48.2867856818619,11.3755011541487,0.740741264613882
"Norway",2031,4.4563172503461,13.9731245921275,7.95471865273559,47.9204607548492,11.2015004999895,0.724451104290972
"Norway",2032,4.46450320272668,13.880159356459,7.92367039655915,47.5561907592537,11.0274998458302,0.708160943968061
"Norway",2033,4.47268915510726,13.7871941207905,7.89449017288773,47.1937887961632,10.853499191671,0.691870783645151
"Norway",2034,4.48087510748785,13.694228885122,7.86700884908411,46.8330857329405,10.6794985375118,0.675580623322241
"Norway",2035,4.48919198773767,13.5809364824062,7.84168741029253,46.4565183274998,10.5129907707905,0.656570790022175
"Poland",2013,30.1004144913155,170.088033664952,30.2909551141522,394.891523887703,43.990350841401,11.0294457557281
"Poland",2014,30.3646486612547,168.085703378067,31.3528739474686,394.229738641633,45.868990039527,10.8202621725913
"Poland",2015,30.6288828311938,166.083373091182,32.414792780785,393.567953395562,47.7476292376529,10.6110785894544
"Poland",2016,31.1617000227332,164.569986533518,32.7988349529775,392.135896894692,48.3677219660639,10.5247414132475
"Poland",2017,31.6945172142726,163.056599975854,33.1828771251701,390.703840393822,48.9878146944748,10.4384042370406
"Poland",2018,32.227334405812,161.54321341819,33.5669192973627,389.271783892953,49.6079074228858,10.3520670608336
"Poland",2019,32.7601515973514,160.029826860526,33.9509614695553,387.839727392083,50.2280001512968,10.2657298846267
"Poland",2020,33.2929687888908,158.516440302862,34.3350036417478,386.407670891213,50.8480928797077,10.1793927084198
"Poland",2021,33.4812142116496,156.098238685312,34.5170250132548,383.867886556168,51.0148845727159,10.1213650048665
"Poland",2022,33.6694596344084,153.680037067761,34.5942231436864,381.223278980047,51.1816762657241,10.0633373013131
"Poland",2023,33.8577050571672,151.261835450211,34.6714212741179,378.578671403926,51.3484679587324,10.0053095977598
"Poland",2024,34.045950479926,148.84363383266,34.7486194045494,375.934063827804,51.5152596517406,9.94728189420641
"Poland",2025,34.2341959026848,146.42543221511,35.2451104992829,373.708749215985,51.6820513447488,9.88925419065306
"Poland",2026,34.3529809274798,143.326288413084,35.3016692227615,370.736784918805,52.5042426611714,9.84629355909653
"Poland",2027,34.4717659522748,140.227144611059,35.3582279462402,367.764820621624,53.3264339775939,9.80333292754001
"Poland",2028,34.5905509770698,137.128000809034,35.4147866697188,364.792856324443,54.1486252940165,9.76037229598348
"Poland",2029,34.7093360018649,134.028857007008,35.4713453931974,361.820892027263,54.9708166104391,9.71741166442696
"Poland",2030,34.8281210266599,130.929713204983,35.5279041166761,358.848927730082,55.7930079268617,9.67445103287044
"Poland",2031,34.8281210266599,130.929713204983,35.5279041166761,358.848927730082,55.7930079268617,9.67445103287044
"Poland",2032,34.8281210266599,130.929713204983,35.5279041166761,358.848927730082,55.7930079268617,9.67445103287044
"Poland",2033,34.8281210266599,130.929713204983,35.5279041166761,358.848927730082,55.7930079268617,9.67445103287044
"Poland",2034,34.8281210266599,130.929713204983,35.5279041166761,358.848927730082,55.7930079268617,9.67445103287044
"Poland",2035,34.8281210266599,130.929713204983,35.5279041166761,358.848927730082,55.7930079268617,9.67445103287044
"Portugal",2011,7.87523,16.48341,5.5134887,71.5158587,17.56029,9.68931
"Portugal",2012,8.028445,16.916389994409,5.65241016922394,71.2654114409359,17.0934553363479,9.57232927366293
"Portugal",2013,8.18166,17.3493699888181,5.79133163844788,71.0149641818718,16.6266206726957,9.45534854732586
"Portugal",2014,8.334875,17.7823499832271,5.93025310767181,70.7645169228077,16.1597860090436,9.33836782098879
"Portugal",2015,8.48809,18.2153299776361,6.06917457689575,70.5140696637436,15.6929513453914,9.22138709465172
"Portugal",2016,8.41895,17.0575226188787,6.17302313051523,69.0209705874583,15.5632594226922,9.03041636545915
"Portugal",2017,8.34981,15.8997152601212,6.27687168413472,67.527871511173,15.433567499993,8.83944563626659
"Portugal",2018,8.28067,14.7419079013638,6.3807202377542,66.0347724348878,15.3038755772938,8.64847490707402
"Portugal",2019,8.21153,13.5841005426063,6.48456879137369,64.5416733586025,15.1741836545946,8.45750417788146
"Portugal",2020,8.14239,12.4262931838489,6.58841734499317,63.0485742823172,15.0444917318954,8.26653344868889
"Portugal",2021,8.097894,11.9845183593854,6.4151103312578,62.1887407798478,15.0124655838317,8.12875775268039
"Portugal",2022,8.053398,11.542743534922,6.24180331752243,61.3289072773783,14.9804394357681,7.9909820566719
"Portugal",2023,8.008902,11.1009687104585,6.06849630378705,60.4690737749089,14.9484132877044,7.8532063606634
"Portugal",2024,7.964406,10.6591938859951,5.89518929005168,59.6092402724394,14.9163871396408,7.71543066465491
"Portugal",2025,7.91991,10.2174190615316,5.72188227631631,58.74940676997,14.8843609915771,7.57765496864641
"Portugal",2026,7.784206,9.85557815795328,5.7714695135186,58.1689479507652,14.8568181695772,7.45957412920625
"Portugal",2027,7.648502,9.49373725437496,5.8210567507209,57.5884891315604,14.8292753475772,7.34149328976608
"Portugal",2028,7.512798,9.13189635079664,5.87064398792319,57.0080303123556,14.8017325255773,7.22341245032592
"Portugal",2029,7.377094,8.77005544721832,5.92023122512549,56.4275714931508,14.7741897035773,7.10533161088575
"Portugal",2030,7.24139,8.40821454364,5.96981846232778,55.847112673946,14.7466468815774,6.98725077144559
"Portugal",2031,7.16732466666667,7.99308435947161,5.8708095322383,55.0812373992315,14.716115175535,6.85604002762654
"Portugal",2032,7.09325933333334,7.57795417530322,5.77180060214883,54.3153621245169,14.6855834694926,6.72482928380748
"Portugal",2033,7.019194,7.16282399113483,5.67279167205935,53.5494868498024,14.6550517634501,6.59361853998843
"Portugal",2034,6.94512866666667,6.74769380696644,5.57378274196987,52.7836115750878,14.6245200574077,6.46240779616937
"Portugal",2035,6.87106333333334,6.33256362279805,5.47477381188039,52.0177363003733,14.5939883513653,6.33119705235032
"Romania",2014,18.1900139732621,29.7091179866005,11.5225402291494,115.588156419556,15.6000320782295,5.73624913433653
"Romania",2015,18.7110299623908,29.7219239568031,11.8689912646838,116.488004361598,15.6764474262156,5.77797011899078
"Romania",2016,18.8185967674706,29.4718905707253,11.75937907,116.524824946953,16.093564582829,5.63718669745199
"Romania",2017,18.9262850756029,29.2218571846475,12.004437896,116.946378367893,16.5106817394424,5.52634358776254
"Romania",2018,19.0339733837353,28.9718237985696,12.251104298,117.374482089576,16.9277988960558,5.42044320281497
"Romania",2019,19.1416616918677,28.7217904124918,12.483974276,117.793383567316,17.3449160526692,5.31913699792539
"Romania",2020,19.24935,28.471757026414,12.71000523,118.209696592359,17.7620332092826,5.22208136433811
"Romania",2021,19.51288,27.6126296439253,12.951072558,118.393948586901,18.0631365897007,5.13219810348123
"Romania",2022,19.77641,26.7535122794771,13.19269976,118.408793355058,18.3642349610063,4.87234273331191
"Romania",2023,20.03994,25.8943949150288,13.434346134,118.602324959301,18.6653362118681,4.79115214767223
"Romania",2024,20.30347,25.0352775505806,13.676005382,118.799869145582,18.9664172576585,4.71398147514232
"Romania",2025,20.567,24.1761201139707,13.9166641,119.000129525801,19.2674384382347,4.64062746392625
"Romania",2026,20.843386,24.7534036001393,14.120974288,120.491253427281,19.4649434681732,4.57021896687212
"Romania",2027,21.119768,25.3306870863079,14.310259946,121.970778397463,19.6624484981117,4.50324006852011
"Romania",2028,21.39615,25.9079705724766,14.484421074,123.438433959221,19.8599535280502,4.43951629174361
"Romania",2029,21.672532,26.4852540586452,14.64352497,124.89412159251,20.0574585579887,4.37888181849833
"Romania",2030,21.94893,27.0625375448138,14.779928732,126.330056802491,20.2549635879272,4.32117905594511
"Romania",2031,22.22915,27.0966422235574,14.94053116,127.236488259836,20.3889040460667,4.26736177437055
"Romania",2032,22.50937,27.130746902301,15.093604952,128.138043045187,20.5228445042063,4.216196456801
"Romania",2033,22.78959,27.1648515810446,15.246724108,129.042159875318,20.6567849623458,4.1675478200115
"Romania",2034,23.06981,27.1989562597882,15.399843628,129.94866515955,20.7907254204853,4.1212872733227
"Romania",2035,23.35003,27.2330609385317,15.552950308,130.857423459839,20.9246658786249,4.07729258269173
"Slovakia",2014,3.0513662517238,7.1353205534023,9.04028795652605,40.6718928671986,6.49331014114451,1.49257993704
"Slovakia",2015,3.01965855244155,7.2814722558674,9.07274145701036,41.0991908279582,6.74793606928061,1.46126351723621
"Slovakia",2016,3.01624643932377,6.93860063994997,8.95791776664249,40.5690900232628,6.8000320621754,1.46655390933699
"Slovakia",2017,3.0060216147169,6.45635356204715,8.95171083272115,40.2094655268295,6.8521593768107,1.47184430143778
"Slovakia",2018,2.99500032709437,6.49900883544527,8.95519806383378,40.3946233581228,6.90432003184424,1.47713469353856
"Slovakia",2019,2.98673337704269,6.34340880457771,8.94992857551376,40.3764721382335,6.95651503685408,1.48242508563935
"Slovakia",2020,2.97674054292422,6.17846512436503,8.91207141056793,40.3356811010851,7.00874438911538,1.48771547774013
"Slovakia",2021,2.93041369808907,6.13832470505625,8.91234628836741,40.3093017844202,7.10431680296188,1.49076843790687
"Slovakia",2022,2.88545414622621,6.11705040164093,8.91799804600676,40.3098132750564,7.19989123299046,1.49382139807361
"Slovakia",2023,2.84180958693939,6.11465955529465,8.93152820815508,40.3396184436286,7.2954676856475,1.49687435824035
"Slovakia",2024,2.79943519770644,6.112304505854,8.92978661751735,40.3566342588857,7.39104514838094,1.49992731840709
"Slovakia",2025,2.75828234020594,6.09116117803401,8.94521574206538,40.3744573506377,7.48662463324449,1.50298027857383
"Slovakia",2026,2.74107034817422,6.07177062200811,8.97901573458145,40.4350713778863,7.58689085251888,1.49540173781321
"Slovakia",2027,2.72392990774332,6.04856614509338,9.01808197203818,40.4998377120438,7.68717020499687,1.48782319705259
"Slovakia",2028,2.70685965000746,5.96900339124739,9.08068808784822,40.5344673964874,7.78746370000732,1.48024465629197
"Slovakia",2029,2.68986036457714,5.94606814975821,9.15064426949774,40.6358056183123,7.88777033144454,1.47266611553135
"Slovakia",2030,2.67293161377006,5.91415836138602,9.2340360068251,40.7443359322937,7.98809110813906,1.46508757477074
"Slovakia",2031,2.6722101330833,5.88149503202049,9.30015169302827,40.7763178816245,8.03679967774531,1.45430397738961
"Slovakia",2032,2.67152313725498,5.84831565907037,9.36437682376777,40.8111667925621,8.08551127658406,1.44352038000848
"Slovakia",2033,2.67086893019721,5.81546641064933,9.4378928485184,40.860985759788,8.13422388822404,1.43273678262735
"Slovakia",2034,2.67024039408566,5.76141345357375,9.52024873055583,40.9038648480964,8.18293952884734,1.42195318524622
"Slovakia",2035,2.66964785302452,5.68665397440818,9.61104458401682,40.9400434873406,8.23165617954704,1.4111695878651
"Slovakia",2036,2.6708931909617,5.6376330556023,9.66881807599581,40.9169521117334,8.22997300088787,1.4111695878651
"Slovakia",2037,2.67217373153844,5.59062486657857,9.73546109295784,40.9114133150263,8.22830396525952,1.4111695878651
"Slovakia",2038,2.67349046964909,5.54562359165658,9.81117972418563,40.9237638317999,8.22664907241281,1.4111695878651
"Slovakia",2039,2.67484312716029,5.50243933590368,9.89618327733132,40.9540845302087,8.22500933489979,1.4111695878651
"Slovakia",2040,2.67623316066292,5.46193315032948,9.99072600691398,41.0137871495261,8.22338273356438,1.4111695878651
"Slovenia",2015,1.78447108281449,4.42004626737873,1.20021928079884,16.6888769366922,5.26519883148671,0.520839681983368
"Slovenia",2016,1.81095817376243,5.39315448697258,1.23051800856074,17.8122250958449,5.29514923021672,0.497581441464219
"Slovenia",2017,1.83438173702908,5.37715649933572,1.25628518638909,17.8492098153571,5.32509962894672,0.483684657120486
"Slovenia",2018,1.85773598272817,5.35136977895042,1.27920510852089,17.8745980878608,5.35505002767673,0.470841060607836
"Slovenia",2019,1.88102090470775,5.33709532934741,1.29824095960633,17.9084060443128,5.38500042640674,0.458826661161167
"Slovenia",2020,1.90423652000688,5.26975392153165,1.30973499051416,17.882324874902,5.41495082513674,0.447584222978283
"Slovenia",2021,1.90602013575999,5.12888026151725,1.30634284430167,17.7180267112152,5.40966896126269,0.437328832172402
"Slovenia",2022,1.90778858908521,5.00757741769375,1.31024471620777,17.580780525886,5.40438709738864,0.427248213270202
"Slovenia",2023,1.90954206948407,4.88607463439482,1.31025798241749,17.4402513728141,5.39910523351459,0.417966127306183
"Slovenia",2024,1.91128076057393,4.76429414989775,1.31222791334032,17.3022130300666,5.39382336964054,0.409492736984138
"Slovenia",2025,1.91300484030972,4.64308017523998,1.31384666808158,17.1651205059598,5.38854150576649,0.401749588993027
"Slovenia",2026,1.91471448119572,4.50841414131526,1.30560496336573,16.9832262273902,5.35513074086882,0.394445602385956
"Slovenia",2027,1.91640985048806,4.3748813410907,1.29388996477449,16.7993610717724,5.32171997597114,0.38751447974807
"Slovenia",2028,1.91809111038819,4.25126552150995,1.28780104150364,16.631578779241,5.28830921107347,0.381128183990758
"Slovenia",2029,1.9197584182279,4.1263197058893,1.27822807248648,16.4594654284366,5.25489844617579,0.375230951094269
"Slovenia",2030,1.92141192664636,3.96211206086233,1.27137764398988,16.2512561389535,5.22148768127811,0.369783993852304
"Slovenia",2031,1.9214018508663,3.90964288451862,1.25857364566327,16.0827691730418,5.12343659677191,0.363883803043034
"Slovenia",2032,1.9214018508663,3.85172064775851,1.24784626601196,15.9115273661981,5.0253855122657,0.358589786434573
"Slovenia",2033,1.9214018508663,3.75371375258887,1.23955397413515,15.7029849432021,4.92733442775947,0.353639960561908
"Slovenia",2034,1.9214018508663,3.64732578538286,1.23290163020997,15.4880116073606,4.82928334325327,0.348996082501167
"Slovenia",2035,1.9214018508663,3.55176956839186,1.2276585844186,15.2855565870577,4.73123225874707,0.344625637698982
"Spain",2015,35.9785889199615,86.2236051383942,30.7596725278035,335.661516502294,83.7287754093614,13.4706471591131
"Spain",2016,31.1693649143931,84.1621366842252,32.9921992511811,329.565090688464,83.8209396118081,11.9573513806597
"Spain",2017,30.5078816258547,84.6538854729195,33.0208765805568,331.313856919265,84.9734977926323,11.1623437898492
"Spain",2018,29.751189345326,85.1993476706507,32.9003615370916,332.666331813649,85.957788771228,10.3326318223214
"Spain",2019,28.740075420355,85.7383958856944,32.6872646214107,333.377964447656,86.8504353030631,9.43945470099522
"Spain",2020,28.4438608787231,86.248408231021,32.5300779208497,332.994357603887,87.0746905013648,8.27079368059682
"Spain",2021,28.1985043690332,86.7121039290163,32.4987503260939,333.74902555079,87.737100035781,7.79781037846741
"Spain",2022,28.1323172243031,87.3151583404071,32.5380673957512,335.424968175999,88.0675673051229,7.68999157718984
"Spain",2023,27.9447155649848,87.9570232279396,32.6846310760561,337.495378121642,88.2737880360557,7.63240576909364
"Spain",2024,27.797112353596,71.6918585572821,32.853145115623,322.894559176006,88.6256929215673,7.59723028238876
"Spain",2025,27.7001001136172,71.8891273365552,33.0272775647242,324.432301694055,88.8159853853927,7.5171758419073
"Spain",2026,27.6173301238484,72.1173333531091,32.9960044333267,325.891301840704,89.7248675809851,7.4886483282653
"Spain",2027,27.5471051496859,72.3430684515561,32.8707037562855,327.293337094836,91.0534285882419,7.45727571837566
"Spain",2028,27.4767726577346,72.5801473325801,32.6425275631766,328.555029674397,92.6438653546174,7.41800702504818
"Spain",2029,27.4036804633314,72.8432966660359,32.3296859797943,329.613827366476,94.1750740505559,7.37544316248472
"Spain",2030,27.3312689806488,73.1284956110831,31.9525314707646,330.453593473599,95.6778236210022,7.33043374946308
"Spain",2031,27.2506723300265,73.506514974704,31.7883451082572,332.756702994745,97.0460836116539,7.31168524437131
"Spain",2032,27.1679562936486,73.9093540711495,31.6425497111589,334.983201714555,98.3040841240392,7.29302609796471
"Spain",2033,27.0858964442747,74.3367357210858,31.4947150367279,337.210299634517,99.5078299091996,7.27554742302386
"Spain",2034,27.0044844726109,74.7883030183425,31.3448824079829,339.502052371302,100.742315786487,7.25918590037995
"Spain",2035,26.9237121483601,75.2636612510191,31.1934878858625,341.903774821264,102.035844312126,7.24387561944868
"Spain",2036,26.8435712333418,75.6772783768865,31.014280862932,344.320776812656,103.275858281035,7.22917523406836
"Spain",2037,26.7640537943153,76.1117590521578,31.1960363395056,347.159516335462,104.533479556348,7.21537088000678
"Spain",2038,26.6851512676981,76.5667679446584,31.3784947564227,350.04436942127,105.809194687195,7.20241776795602
"Spain",2039,26.6068552615739,77.0420204754287,31.5629390462271,352.991704105224,107.103530600154,7.1902671807723
"Spain",2040,26.5291578802821,76.819737597682,31.634615616081,353.694348727895,107.532985640979,7.17565178093282
"Sweden",2014,6.97581354551933,9.11116794879984,6.44332344155479,53.8362409311925,18.148995347637,1.49088136690761
"Sweden",2015,6.89466681130708,8.99713714146755,6.4163849687257,53.6903574783777,18.168038103196,1.40234450224808
"Sweden",2016,6.78660662919218,9.10775758806703,6.39062188781313,52.9320111470659,17.6241309164551,1.33341495866271
"Sweden",2017,6.67854644707727,9.21837803466651,6.36485880690056,52.1736648157541,17.0802237297142,1.26448541507734
"Sweden",2018,6.57048626496237,9.32899848126598,6.339095725988,51.4153184844424,16.5363165429734,1.19555587149196
"Sweden",2019,6.46242608284746,9.43961892786546,6.31333264507543,50.6569721531306,15.9924093562325,1.12662632790659
"Sweden",2020,6.35436590073256,9.55023937446494,6.28756956416286,49.8986258218188,15.4485021694916,1.05769678432122
"Sweden",2021,6.30908925744901,9.56873822004016,6.27486908974576,49.4584595237489,15.2229151201762,1.01680787013554
"Sweden",2022,6.26381261416547,9.58723706561538,6.26216861532866,49.0182932256789,14.9973280708608,0.975918955949853
"Sweden",2023,6.21853597088192,9.60573591119059,6.24946814091155,48.578126927609,14.7717410215454,0.93503004176417
"Sweden",2024,6.17325932759838,9.62423475676581,6.23676766649445,48.137960629539,14.54615397223,0.894141127578487
"Sweden",2025,6.12798268431483,9.64273360234103,6.22406719207735,47.6977943314691,14.3205669229146,0.853252213392803
"Sweden",2026,6.07873798016235,9.56250128166078,6.19986826600372,47.2788895540227,14.167122635155,0.827253051163305
"Sweden",2027,6.02949327600986,9.48226896098054,6.17566933993009,46.8599847765763,14.0136783473954,0.801253888933806
"Sweden",2028,5.98024857185737,9.40203664030029,6.15147041385645,46.4410799991298,13.8602340596358,0.775254726704307
"Sweden",2029,5.93100386770489,9.32180431962005,6.12727148778282,46.0221752216834,13.7067897718762,0.749255564474809
"Sweden",2030,5.8817591635524,9.2415719989398,6.10307256170919,45.603270444237,13.5533454841166,0.72325640224531
"Sweden",2031,5.78916121153042,9.1184308473088,6.08638802273759,45.1993655699846,13.4654160528655,0.704801754908912
"Sweden",2032,5.69656325950845,8.9952896956778,6.06970348376598,44.7954606957322,13.3774866216144,0.686347107572515
"Sweden",2033,5.60396530748647,8.87214854404681,6.05301894479438,44.3915558214798,13.2895571903634,0.667892460236117
"Sweden",2034,5.5113673554645,8.74900739241581,6.03633440582277,43.9876509472274,13.2016277591123,0.649437812899719
"Sweden",2035,5.41876940344252,8.62586624078481,6.01964986685117,43.583746072975,13.1136983278612,0.630983165563321
"United Kingdom",2014,44.5559230703556,152.155855689049,34.9202885235346,523.663636161468,115.472315835971,18.8822426052642
"United Kingdom",2015,43.8662090308032,142.320542746793,33.658344086179,508.803510772629,114.757419489706,18.9334521024364
"United Kingdom",2016,43.6878564047037,104.454375067452,31.3112967100202,472.279061643732,117.105352635222,17.3606983130248
"United Kingdom",2017,43.3552296432728,107.890625370702,29.8404376477768,475.530117522241,116.110680323313,16.0865275530541
"United Kingdom",2018,43.0110106220587,96.6778840813326,28.4099924414617,460.527673879501,115.508044245059,14.9896450835474
"United Kingdom",2019,42.7195315193866,90.4310923804716,27.4724439026216,451.815638976972,114.829983726192,14.6064621672371
"United Kingdom",2020,42.4045925225011,80.0530172238568,26.6296943461607,436.154475917794,113.97583043569,14.2490697022241
"United Kingdom",2021,42.0514795740946,78.2830095766644,25.776368073735,433.317730950493,113.165480727984,13.9039348667323
"United Kingdom",2022,41.6717566789293,65.8135994339475,25.0015271406275,417.204270637526,112.537063988461,13.6253683953988
"United Kingdom",2023,41.36422565768,65.1753786680834,24.120737689833,413.330331286587,111.960061396715,13.3968276976577
"United Kingdom",2024,41.2859392484069,66.9843156927196,23.1419550745582,414.070613117999,111.358413062165,13.2081736831352
"United Kingdom",2025,41.2131474591887,64.0428935517204,22.4506550849919,405.30310918934,110.457063086954,13.0527045051406
"United Kingdom",2026,41.2131474591887,60.2028417897491,21.7660380272409,401.275077069336,109.954713587184,12.9254913297838
"United Kingdom",2027,41.2131474591887,58.7747169587871,21.1296170607765,397.443045528489,109.396579693045,12.8225166202248
"United Kingdom",2028,41.2131474591887,62.1592332530613,20.514698777267,398.654610333025,108.757264166313,12.7406440139562
"United Kingdom",2029,41.2131474591887,65.1577341112858,19.8566073671311,403.1348691159,108.39597762171,12.6773835538517
"United Kingdom",2030,41.2131474591887,69.3170366221622,19.2154880125893,403.109846253044,107.984031625184,12.6307093101891
"United Kingdom",2031,41.2131474591887,72.1897647252845,18.613039479933,402.030004535671,107.572704704605,12.585741060501
"United Kingdom",2032,41.2131474591887,72.1137401928077,18.0891331642467,403.622172756163,107.417039594537,12.5440910824143
"United Kingdom",2033,41.2131474591887,72.4703711846551,17.7367321818245,402.022986563401,107.302042112844,12.5063052699074
"United Kingdom",2034,41.2131474591887,72.964470690924,17.5250892435942,404.745396808745,106.988440684915,12.4724244659579
"United Kingdom",2035,41.2131474591887,70.3913486417435,17.3763878732627,401.6686550832,106.888774434322,12.4422652317912
