indic_env,geo\time	1990 	1991 	1992 	1993 	1994 	1995 	1996 	1997 	1998 	1999 	2000 	2001 	2002 	2003 	2004 	2005 	2006 	2007 	2008 	2009 	2010 	2011 	2012 	2013 	2014 	2015 	2016 
GHG_I90,AT	100.0 	104.9 	96.6 	96.8 	97.5 	101.9 	106.1 	105.6 	104.7 	102.6 	103.2 	108.3 	110.3 	117.2 	117.3 	118.9 	115.5 	112.2 	112.0 	103.1 	109.3 	106.4 	103.1 	103.3 	98.6 	101.8 	103.1 
GHG_I90,BE	100.0 	101.4 	101.2 	100.5 	103.6 	105.3 	108.0 	102.5 	106.3 	102.4 	103.2 	101.8 	101.0 	101.4 	102.3 	99.5 	97.9 	95.6 	95.8 	86.9 	91.4 	84.5 	82.4 	82.5 	78.8 	81.5 	81.5 
GHG_I90,BG	100.0 	79.1 	75.0 	74.3 	70.7 	72.1 	72.0 	68.6 	64.6 	58.0 	57.1 	60.2 	57.4 	61.8 	60.9 	61.6 	62.1 	65.8 	64.6 	55.8 	58.3 	63.4 	58.5 	53.5 	56.4 	59.5 	57.0 
GHG_I90,CH	100.0 	103.2 	103.0 	98.6 	97.0 	98.8 	100.3 	98.4 	101.6 	101.7 	100.7 	103.0 	99.6 	100.9 	101.6 	102.8 	102.5 	99.6 	102.8 	100.1 	103.3 	96.7 	99.2 	100.8 	93.9 	93.3 	94.4 
GHG_I90,CY	100.0 	110.1 	116.4 	119.0 	123.2 	123.2 	128.1 	129.3 	135.1 	139.6 	144.2 	145.6 	148.6 	155.8 	158.1 	159.3 	163.2 	168.2 	171.5 	167.1 	162.4 	158.0 	149.2 	137.2 	143.4 	143.9 	152.9 
GHG_I90,CZ	100.0 	90.6 	87.3 	83.3 	79.4 	79.7 	80.8 	78.7 	75.5 	70.6 	75.3 	75.2 	73.3 	75.0 	75.5 	74.5 	75.2 	76.1 	73.7 	69.5 	70.7 	69.7 	67.6 	65.0 	64.1 	64.6 	65.6 
GHG_I90,DE	100.0 	96.3 	92.4 	91.7 	90.3 	90.1 	91.5 	88.8 	86.8 	84.3 	84.2 	85.4 	83.7 	83.4 	82.2 	80.4 	81.1 	79.0 	79.2 	73.8 	76.5 	74.7 	75.2 	76.6 	73.4 	73.7 	74.1 
GHG_I90,DK	100.0 	114.7 	106.4 	109.6 	115.2 	111.1 	129.4 	116.2 	110.8 	107.4 	101.3 	103.6 	102.6 	109.6 	101.5 	95.5 	106.2 	99.9 	94.8 	90.4 	91.2 	84.0 	77.5 	79.9 	74.4 	70.9 	73.9 
GHG_I90,EE	100.0 	92.2 	67.4 	52.7 	54.5 	50.0 	51.7 	50.9 	46.9 	43.6 	42.9 	43.8 	42.5 	47.2 	47.9 	47.6 	45.8 	55.1 	49.6 	41.4 	52.5 	52.5 	49.9 	54.2 	52.3 	44.7 	48.6 
GHG_I90,EL	100.0 	99.7 	101.0 	100.8 	103.8 	105.9 	108.8 	113.3 	118.8 	119.2 	122.1 	122.9 	122.9 	127.1 	127.8 	131.5 	128.0 	130.7 	127.5 	120.5 	114.6 	111.9 	108.4 	99.4 	96.5 	93.0 	89.7 
GHG_I90,ES	100.0 	102.7 	106.3 	102.8 	108.5 	114.2 	111.4 	116.5 	120.2 	129.6 	135.1 	134.3 	140.4 	143.2 	148.8 	154.1 	151.9 	156.0 	144.5 	130.8 	125.9 	126.2 	123.8 	114.6 	115.6 	119.7 	116.4 
GHG_I90,EU28	100.0 	98.3 	95.3 	93.6 	93.2 	94.2 	96.2 	94.5 	93.8 	92.0 	92.3 	93.3 	92.4 	94.0 	94.1 	93.6 	93.4 	92.7 	90.6 	84.0 	85.8 	83.1 	82.0 	80.4 	77.4 	78.0 	77.6 
GHG_I90,FI	100.0 	96.8 	94.7 	97.7 	105.5 	100.7 	108.9 	107.0 	102.0 	101.2 	98.5 	105.9 	109.3 	119.8 	114.9 	98.3 	114.1 	112.1 	101.1 	95.8 	106.7 	96.5 	88.8 	89.9 	84.1 	79.3 	84.0 
GHG_I90,FR	100.0 	104.9 	103.0 	99.2 	98.0 	99.5 	102.7 	101.4 	104.1 	102.9 	101.9 	102.7 	101.5 	102.4 	102.2 	102.5 	100.5 	98.9 	97.8 	93.4 	95.1 	90.3 	90.3 	90.2 	84.8 	85.7 	85.6 
GHG_I90,HR	100.0 	77.7 	71.7 	72.5 	69.9 	71.5 	73.3 	77.1 	78.2 	81.6 	80.4 	84.1 	87.2 	91.5 	92.0 	93.2 	94.2 	98.8 	95.1 	89.0 	87.3 	86.2 	80.7 	77.0 	74.3 	75.8 	76.2 
GHG_I90,HU	100.0 	92.8 	82.2 	83.1 	82.1 	80.7 	83.1 	81.5 	81.1 	81.6 	78.6 	80.8 	78.9 	82.3 	81.3 	81.2 	80.0 	78.1 	76.2 	69.7 	70.1 	68.4 	64.3 	61.3 	62.0 	65.3 	65.8 
GHG_I90,IE	100.0 	101.1 	100.6 	102.1 	104.2 	106.7 	110.2 	113.0 	117.5 	120.0 	124.4 	128.6 	125.2 	125.5 	124.1 	127.4 	126.8 	125.8 	124.1 	112.9 	112.4 	104.7 	105.2 	105.4 	105.3 	109.6 	113.4 
GHG_I90,IS	100.0 	94.4 	91.5 	93.5 	92.0 	95.8 	98.0 	102.9 	108.4 	114.8 	116.1 	111.9 	112.7 	112.8 	116.7 	114.1 	131.8 	140.0 	147.9 	137.7 	136.4 	130.7 	131.9 	133.3 	135.6 	140.8 	145.1 
GHG_I90,IT	100.0 	100.5 	100.0 	98.7 	97.5 	103.0 	101.6 	102.9 	105.1 	106.2 	107.6 	108.9 	108.7 	111.8 	112.6 	112.8 	110.8 	109.4 	106.7 	96.3 	98.1 	95.8 	92.0 	86.1 	83.1 	84.7 	83.9 
GHG_I90,LI	100.0 	103.2 	103.4 	106.5 	100.6 	102.2 	103.3 	108.8 	113.6 	112.3 	108.3 	108.1 	110.8 	115.3 	115.5 	115.9 	117.4 	104.8 	113.5 	107.1 	100.6 	95.0 	99.1 	101.9 	88.2 	87.0 	82.3 
GHG_I90,LT	100.0 	104.3 	64.0 	51.3 	48.3 	46.2 	48.3 	47.3 	49.2 	43.5 	40.3 	41.9 	42.7 	43.0 	44.8 	47.3 	48.0 	52.5 	50.6 	41.2 	43.0 	44.2 	44.1 	41.6 	41.5 	42.1 	42.0 
GHG_I90,LU	100.0 	104.9 	102.9 	103.9 	98.4 	80.9 	81.7 	77.7 	72.2 	76.6 	80.6 	84.9 	91.4 	95.1 	106.4 	108.5 	106.5 	102.8 	101.9 	97.4 	102.0 	100.5 	97.7 	93.6 	90.8 	88.3 	87.5 
GHG_I90,LV	100.0 	92.9 	74.2 	61.3 	54.2 	48.9 	49.1 	46.9 	45.0 	42.0 	39.8 	42.0 	41.9 	42.7 	42.7 	43.6 	45.6 	47.4 	45.9 	43.2 	47.8 	44.7 	44.1 	43.8 	43.4 	43.7 	43.8 
GHG_I90,MT	100.0 	107.2 	119.2 	120.4 	130.5 	131.6 	130.3 	133.3 	133.2 	136.1 	136.4 	130.1 	128.5 	138.5 	135.1 	141.2 	143.8 	148.8 	149.1 	139.3 	142.3 	145.9 	153.1 	139.4 	141.0 	112.0 	99.4 
GHG_I90,NL	100.0 	103.5 	104.2 	104.7 	105.2 	105.8 	110.9 	107.7 	108.0 	102.3 	101.5 	101.6 	101.0 	101.2 	102.1 	99.8 	97.6 	96.9 	96.7 	93.8 	99.0 	93.0 	90.7 	90.7 	87.4 	91.3 	91.6 
GHG_I90,NO	100.0 	95.4 	92.0 	95.9 	99.5 	98.9 	104.8 	104.8 	105.3 	107.3 	106.1 	108.4 	106.1 	107.2 	108.6 	107.0 	107.0 	110.6 	107.6 	102.6 	107.8 	105.8 	105.3 	105.0 	104.9 	105.9 	104.6 
GHG_I90,PL	100.0 	97.5 	94.7 	94.6 	93.5 	93.8 	96.7 	94.8 	88.2 	85.7 	83.4 	83.2 	81.1 	84.1 	85.1 	85.2 	88.4 	88.5 	87.0 	83.1 	87.1 	86.9 	85.4 	84.7 	82.0 	82.7 	85.0 
GHG_I90,PT	100.0 	102.9 	110.2 	107.9 	109.6 	117.3 	113.3 	118.9 	126.9 	140.2 	138.9 	138.2 	144.6 	136.5 	142.0 	145.3 	137.8 	134.3 	130.1 	124.5 	118.4 	116.7 	113.7 	110.9 	111.1 	118.3 	115.8 
GHG_I90,RO	100.0 	82.3 	75.8 	72.0 	70.5 	73.2 	74.2 	69.3 	62.0 	54.7 	57.0 	59.8 	59.3 	61.2 	60.9 	59.9 	60.6 	62.0 	60.0 	51.8 	49.6 	51.8 	50.6 	46.8 	46.9 	47.2 	45.8 
GHG_I90,SE	100.0 	99.9 	98.9 	99.8 	103.2 	102.9 	107.9 	101.5 	102.1 	98.4 	96.9 	97.3 	98.2 	98.7 	97.7 	94.3 	94.2 	92.3 	89.5 	83.2 	91.3 	85.9 	81.2 	79.2 	77.1 	76.8 	76.1 
GHG_I90,SI	100.0 	92.9 	93.5 	94.5 	96.6 	100.6 	104.0 	105.9 	104.5 	101.2 	102.5 	107.4 	108.5 	106.9 	108.7 	110.4 	111.4 	112.4 	116.3 	105.6 	105.7 	105.7 	102.7 	98.9 	89.6 	90.7 	95.2 
GHG_I90,SK	100.0 	87.1 	79.6 	74.9 	71.3 	73.0 	73.5 	73.2 	71.2 	69.5 	67.0 	70.4 	67.8 	68.3 	69.3 	69.3 	69.0 	66.5 	67.3 	61.4 	62.7 	61.3 	58.3 	57.7 	54.8 	55.4 	55.6 
GHG_I90,TR	100.0 	103.9 	106.7 	110.9 	108.1 	115.0 	124.1 	129.7 	130.7 	129.5 	139.7 	130.6 	134.2 	143.5 	148.7 	159.0 	170.3 	186.6 	186.0 	189.9 	193.3 	207.4 	214.6 	211.9 	218.6 	227.7 	239.9 
GHG_I90,UK	100.0 	101.1 	98.7 	96.5 	95.5 	94.8 	97.6 	94.6 	94.7 	91.3 	91.5 	91.8 	89.3 	90.3 	90.3 	89.7 	88.8 	87.3 	84.7 	77.6 	79.3 	73.6 	75.5 	73.8 	68.8 	66.7 	63.6 
GHG_T_HAB,AT	10.4 	10.8 	9.8 	9.7 	9.8 	10.2 	10.6 	10.5 	10.4 	10.2 	10.3 	10.7 	10.9 	11.5 	11.4 	11.5 	11.1 	10.8 	10.7 	9.8 	10.4 	10.1 	9.7 	9.7 	9.2 	9.4 	9.4 
GHG_T_HAB,BE	15.0 	15.2 	15.1 	14.9 	15.3 	15.6 	15.9 	15.1 	15.6 	15.0 	15.1 	14.8 	14.6 	14.6 	14.7 	14.2 	13.9 	13.5 	13.4 	12.1 	12.6 	11.5 b	11.1 b	11.1 	10.5 	10.8 	10.8 
GHG_T_HAB,BG	12.0 	9.6 	9.2 	9.2 	8.8 	9.0 	9.0 	8.6 	8.2 	7.4 	7.3 	7.9 	7.7 	8.3 	8.3 	8.4 	8.6 	9.1 	9.0 	7.8 	8.3 	9.0 	8.4 	7.7 	8.2 	8.7 	8.4 
GHG_T_HAB,CH	8.4 	8.6 	8.5 	8.1 	7.9 	8.0 	8.0 	7.9 	8.1 	8.1 	7.9 	8.1 	7.7 	7.8 	7.8 	7.8 	7.8 	7.5 	7.6 	7.3 	7.5 	6.9 b	7.0 	7.1 	6.5 	6.4 	6.4 
GHG_T_HAB,CY	10.9 	11.7 	12.0 	12.0 	12.2 	12.0 	12.2 	12.2 	12.6 	12.8 	13.1 	13.1 	13.2 	13.7 	13.7 	13.6 	13.7 	13.8 	13.8 	13.1 	12.4 	11.7 	10.9 	10.0 	10.6 	10.7 	11.3 
GHG_T_HAB,CZ	19.4 	17.6 	16.9 	16.1 	15.4 	15.4 	15.7 	15.3 	14.7 	13.7 	14.7 	14.7 	14.4 	14.7 	14.8 	14.6 	14.7 	14.8 	14.2 	13.3 	13.5 	13.3 	12.9 	12.4 	12.2 	12.3 	12.4 
GHG_T_HAB,DE	15.9 	15.2 	14.5 	14.3 	14.0 	13.9 	14.1 	13.7 	13.4 	13.0 	12.9 	13.1 	12.8 	12.8 	12.6 	12.3 	12.4 	12.1 	12.2 	11.4 	11.8 	11.8 b	11.8 	12.0 	11.4 	11.4 	11.4 
GHG_T_HAB,DK	14.0 	16.1 	14.9 	15.2 	16.0 	15.3 	17.7 	15.9 	15.1 	14.6 	13.7 	13.9 	13.8 	14.7 	13.5 	12.7 	14.1 	13.2 	12.5 	11.8 	11.9 	10.9 	10.0 	10.3 	9.5 	9.0 	9.3 
GHG_T_HAB,EE	25.8 	23.9 	17.8 	14.3 	15.1 	14.1 	14.8 	14.7 	13.7 	12.7 	12.4 	12.8 	12.5 	13.9 	14.2 	14.2 	13.8 	16.6 	15.0 	12.6 	16.0 	16.0 	15.3 	16.6 	16.1 	13.8 b	15.0 
GHG_T_HAB,EL	10.4 	10.2 	10.3 	10.2 	10.4 	10.6 	10.8 	11.2 	11.7 	11.7 	11.9 	11.9 	11.9 	12.3 	12.3 	12.6 	12.3 	12.5 	12.2 	11.5 	10.9 	10.6 	10.4 	9.6 	9.4 	9.1 	8.8 
GHG_T_HAB,ES	7.5 	7.7 	7.9 	7.6 	8.0 	8.4 	8.2 	8.5 	8.7 	9.4 	9.7 	9.6 	9.9 	9.9 	10.1 	10.3 	10.0 	10.1 	9.2 	8.2 	7.9 	7.9 	7.7 	7.2 	7.3 	7.5 	7.3 
GHG_T_HAB,EU28	12.0 	11.8 b	11.4 	11.1 	11.1 	11.2 	11.4 	11.2 	11.0 b	10.8 	10.8 b	10.9 b	10.8 	10.9 	10.9 	10.8 	10.7 	10.6 	10.3 b	9.6 	9.7 b	9.4 b	9.3 b	9.1 	8.7 b	8.8 b	8.7 p
GHG_T_HAB,FI	14.5 	14.0 	13.6 	13.9 	15.0 	14.3 	15.4 	15.1 	14.3 	14.2 	13.8 	14.8 	15.2 	16.6 	15.9 	13.5 	15.7 	15.3 	13.8 	13.0 	14.4 	12.9 	11.9 	12.0 	11.1 	10.5 	11.1 
GHG_T_HAB,FR	9.5 	10.0 	9.7 	9.3 	9.2 	9.3 	9.6 	9.4 	9.6 	9.5 	9.3 	9.3 	9.1 	9.2 	9.1 	9.0 	8.8 	8.6 	8.5 	8.0 	8.1 	7.7 	7.7 	7.6 	7.1 b	7.1 	7.1 p
GHG_T_HAB,HR	6.8 e	5.4 e	5.1 e	5.1 e	4.9 e	5.0 e	5.2 e	5.5 e	5.6 e	5.9 e	5.8 e	6.3 b	6.6 	6.9 	6.9 	7.0 	7.1 	7.4 	7.1 	6.7 	6.6 	6.5 	6.1 	5.9 	5.7 	5.8 	5.9 
GHG_T_HAB,HU	9.1 	8.4 	7.5 	7.6 	7.5 	7.4 	7.6 	7.5 	7.4 	7.5 	7.3 	7.5 	7.3 	7.7 	7.6 	7.6 	7.5 	7.3 	7.2 	6.6 	6.6 	6.5 	6.1 b	5.8 	5.9 	6.3 	6.3 
GHG_T_HAB,IE	16.1 	16.2 	16.0 	16.2 	16.4 	16.7 	17.1 	17.4 	17.9 	18.1 	18.5 	18.8 	18.0 	17.8 	17.2 	17.3 	16.8 	16.2 	15.6 	14.1 	13.9 	12.9 	12.9 	12.9 	12.8 	13.2 	13.5 
GHG_T_HAB,IS	15.1 	14.1 	13.5 	13.7 	13.3 	13.8 	14.0 	14.6 	15.2 	16.0 	15.9 	15.1 	15.1 	15.0 	15.4 	14.8 	16.7 	17.3 	18.0 	16.7 	16.5 	15.8 	15.9 	15.9 	16.0 	16.4 	16.7 
GHG_T_HAB,IT	9.2 	9.3 	9.2 	9.1 	9.0 	9.5 	9.3 	9.5 	9.7 	9.7 	9.9 	10.0 	10.0 	10.2 	10.2 	10.2 	10.0 	9.8 	9.5 	8.5 	8.7 	8.4 	8.1 	7.5 	7.1 	7.3 	7.2 
GHG_T_HAB,LI	8.0 	8.1 	8.0 	8.1 	7.6 	7.6 	7.6 	8.0 	8.2 	8.0 	7.6 	7.5 	7.6 	7.8 	7.7 	7.7 	7.7 	6.8 	7.3 	6.9 	6.4 	6.0 	6.2 	6.3 	5.4 	5.3 	5.0 
GHG_T_HAB,LT	13.1 	13.7 	8.4 	6.8 	6.4 	6.2 	6.5 	6.4 	6.7 	6.0 	5.6 	5.9 	6.0 	6.1 	6.4 	6.9 	7.1 	7.9 	7.7 	6.3 	6.7 	7.1 	7.2 	6.8 	6.9 	7.0 	7.1 
GHG_T_HAB,LU	34.5 	35.7 	34.6 	34.5 	32.2 	26.1 	26.0 	24.4 	22.4 	23.4 	24.3 	25.3 	27.0 	27.7 	30.6 	30.7 	29.7 	28.2 	27.5 	25.8 	26.5 	25.5 	24.2 b	22.7 	21.5 	20.4 	19.8 
GHG_T_HAB,LV	10.0 	9.4 	7.6 	6.4 	5.7 	5.2 	5.3 	5.2 	5.0 	4.7 	4.5 	4.8 	4.8 	5.0 	5.0 	5.2 	5.5 	5.8 	5.6 	5.4 	6.1 	5.8 	5.8 	5.8 	5.8 	5.9 	6.0 
GHG_T_HAB,MT	6.5 	6.8 b	7.5 	7.5 	8.0 	8.0 	7.9 	8.0 	8.0 	8.1 	8.0 	7.6 	7.5 	8.0 	7.7 	8.0 	8.2 	8.4 	8.4 	7.8 	7.9 	8.1 	8.4 	7.5 	7.5 	5.8 	5.0 
GHG_T_HAB,NL	15.1 	15.5 	15.5 	15.5 	15.5 	15.5 	16.1 	15.6 	15.5 	14.6 	14.4 	14.3 	14.1 	14.1 	14.2 	13.8 	13.5 	13.4 	13.3 	12.8 	13.5 	12.6 	12.2 	12.2 	11.7 	12.2 	12.2 
GHG_T_HAB,NO	12.3 	11.7 	11.2 	11.6 	12.0 	11.9 	12.5 	12.5 	12.4 	12.6 	12.4 	12.6 	12.2 	12.3 	12.4 	12.1 	12.0 	12.3 	11.8 	11.1 	11.5 	11.2 	11.0 	10.8 	10.7 	10.7 	10.5 
GHG_T_HAB,PL	12.3 	11.9 	11.6 	11.5 	11.4 	11.4 	11.7 	11.5 	10.7 	10.4 	10.2 b	10.2 	9.9 	10.3 	10.4 	10.4 	10.8 	10.9 	10.7 	10.2 	10.7 b	10.7 	10.5 	10.4 	10.1 	10.2 	10.5 
GHG_T_HAB,PT	6.2 	6.4 	6.8 	6.7 	6.7 	7.2 	6.9 	7.2 	7.7 	8.4 	8.3 	8.2 	8.5 	8.0 	8.3 	8.5 	8.0 	7.8 	7.6 	7.2 	6.9 	6.8 	6.6 	6.5 	6.6 	7.0 	6.9 
GHG_T_HAB,RO	10.7 	8.9 	8.2 	7.8 	7.7 	8.0 	8.1 	7.6 	6.8 	6.0 	6.3 	6.7 	6.8 	7.0 	7.0 	7.0 	7.1 	7.3 	7.2 	6.3 	6.1 	6.4 	6.2 	5.8 	5.8 	5.9 b	5.8 
GHG_T_HAB,SE	8.5 	8.4 	8.3 	8.3 	8.6 	8.5 	8.9 	8.4 	8.4 	8.1 	8.0 	8.0 	8.0 	8.0 	7.9 	7.6 	7.6 	7.4 	7.1 	6.5 	7.1 	6.6 	6.2 	6.0 	5.8 	5.7 	5.6 
GHG_T_HAB,SI	9.3 	8.7 	8.7 	8.9 	9.1 	9.4 	9.8 	10.0 	9.9 	9.5 	9.6 	10.1 	10.2 	10.0 	10.2 	10.3 	10.4 	10.4 	10.7 b	9.7 	9.6 	9.6 	9.3 	9.0 	8.1 	8.2 	8.6 
GHG_T_HAB,SK	14.0 	12.2 	11.1 	10.4 	9.9 	10.1 	10.1 	10.1 	9.8 	9.5 	9.2 	9.7 	9.3 	9.4 	9.6 	9.5 	9.5 	9.2 	9.3 	8.4 	8.6 	8.4 	8.0 	7.9 	7.5 	7.6 	7.6 
GHG_T_HAB,TR	3.8 	3.8 	3.9 	3.9 	3.8 	3.9 	4.2 	4.3 	4.2 	4.1 	4.5 	4.2 	4.3 	4.5 	4.6 	4.9 	5.2 	5.6 	5.5 	5.6 	5.6 	5.9 	6.0 	5.9 	6.0 	6.2 	6.4 
GHG_T_HAB,UK	14.2 	14.3 	13.9 	13.6 	13.4 	13.3 	13.6 	13.2 	13.2 	12.6 	12.6 	12.6 	12.2 	12.3 	12.2 	12.1 	11.9 	11.6 	11.1 	10.1 	10.3 	9.4 	9.6 	9.3 	8.6 	8.3 	7.9 
